FTM  Movel Piloto CBD (MZ_FTM_1365),MZ CPF - Feminino distribuidos,60,48,23
FTM  Movel Piloto CBD (MZ_FTM_1365),MZ CPF - Implante - Pilula,,1,1
FTM  Movel Piloto CBD (MZ_FTM_1365),MZ CPF - Injectável Utentes Seguintes,,3,5
FTM  Movel Piloto CBD (MZ_FTM_1365),MZ CPF - Masculinos distribuidos,589,708,696
FTM  Movel Piloto CBD (MZ_FTM_1365),MZ CPF - Nº de ciclos distribuidos Microgynon,191,106,277
FTM  Movel Piloto CBD (MZ_FTM_1365),MZ CPF - Nº de ciclos distribuidos Microlut,53,21,67
FTM  Movel Piloto CBD (MZ_FTM_1365),MZ CPF - Nº de implante 5 anos inseridos,4,14,11
FTM  Movel Piloto CBD (MZ_FTM_1365),MZ CPF - Nº de implantes removidos,,1,2
FTM  Movel Piloto CBD (MZ_FTM_1365),MZ CPF - Nº de injectavel 3 mes,1,8,14
FTM  Movel Piloto CBD (MZ_FTM_1365),MZ CPF - N? de Sayana Press distribuido pela Enfermeira,8,19,28
FTM  Movel Piloto CBD (MZ_FTM_1365),MZ CPF - N? de Sayana Press distribuido pela PSC Tem Mais+,17,19,42
FTM  Movel Piloto CBD (MZ_FTM_1365),MZ CPF - Primeiras consultas a utentes de sexo femenino,41,126,257
FTM  Movel Piloto CBD (MZ_FTM_1365),MZ CPF - Total de utentes novas no metodo - Implante,4,14,11
FTM  Movel Piloto CBD (MZ_FTM_1365),MZ CPF - Total de utentes novas no metodo - Injectavel,1,5,9
FTM  Movel Piloto CBD (MZ_FTM_1365),MZ CPF - Total de utentes novas no metodo - Pilula,33,96,222
FTM  Movel Piloto CBD (MZ_FTM_1365),MZ CPF - Total de utentes novas no método - Sayana (Enfermeira),3,11,15
FTM  Movel Piloto CBD (MZ_FTM_1365),MZ CPF - Utentes que continuam o metodo - Pilula,92,86,114
FTM  Movel Piloto CBD (MZ_FTM_1365),MZ CPF - Utentes que continuam o metodo - Sayana (Enfermeira),5,8,13
FTM Agostinho Neto (MZ_FTM_1261),MZ CPF - Feminino distribuidos,10,13,15
FTM Agostinho Neto (MZ_FTM_1261),MZ CPF - Iniciou TARV,,3,1
FTM Agostinho Neto (MZ_FTM_1261),MZ CPF - Injectável - Abandonaram,3,7,15
FTM Agostinho Neto (MZ_FTM_1261),MZ CPF - Injectável - Faltaram,8,11,17
FTM Agostinho Neto (MZ_FTM_1261),MZ CPF - Injectável - Implante,6,2,5
FTM Agostinho Neto (MZ_FTM_1261),MZ CPF - Injectável - N? de utentes que,4,3,5
FTM Agostinho Neto (MZ_FTM_1261),MZ CPF - Injectável - Pilula,3,,5
FTM Agostinho Neto (MZ_FTM_1261),MZ CPF - Injectável - Troca,9,3,10
FTM Agostinho Neto (MZ_FTM_1261),MZ CPF - Injectável Utentes Seguintes,92,153,327
FTM Agostinho Neto (MZ_FTM_1261),MZ CPF - Masculinos distribuidos,1389,1277,914
FTM Agostinho Neto (MZ_FTM_1261),MZ CPF - Nº de 1ªs Vias Negativas,11,28,109
FTM Agostinho Neto (MZ_FTM_1261),MZ CPF - Nº de 1ªs Vias Positivas,,,4
FTM Agostinho Neto (MZ_FTM_1261),MZ CPF - Nº de 1ªs Vias Testadas,7,26,91
FTM Agostinho Neto (MZ_FTM_1261),MZ CPF - Nº de DIU 10 anos inseridos,4,,2
FTM Agostinho Neto (MZ_FTM_1261),MZ CPF - Nº de DIU 5 anos inseridos,1,,2
FTM Agostinho Neto (MZ_FTM_1261),MZ CPF - Nº de ciclos distribuidos Lofemonal,3,,
FTM Agostinho Neto (MZ_FTM_1261),MZ CPF - Nº de ciclos distribuidos Microgynon,450,391,592
FTM Agostinho Neto (MZ_FTM_1261),MZ CPF - Nº de ciclos distribuidos Microlut,374,339,540
FTM Agostinho Neto (MZ_FTM_1261),MZ CPF - Nº de implante 5 anos inseridos,134,67,88
FTM Agostinho Neto (MZ_FTM_1261),MZ CPF - Nº de implantes removidos,2,4,1
FTM Agostinho Neto (MZ_FTM_1261),MZ CPF - Nº de injectavel 1 mes,61,80,145
FTM Agostinho Neto (MZ_FTM_1261),MZ CPF - Nº de injectavel 3 mes,158,177,340
FTM Agostinho Neto (MZ_FTM_1261),MZ CPF - Positivas,,3,1
FTM Agostinho Neto (MZ_FTM_1261),MZ CPF - Primeiras consultas a utentes de sexo femenino,731,545,843
FTM Agostinho Neto (MZ_FTM_1261),MZ CPF - Pílula - Implante,8,3,13
FTM Agostinho Neto (MZ_FTM_1261),MZ CPF - Pílula - Injectavel,3,5,7
FTM Agostinho Neto (MZ_FTM_1261),MZ CPF - Pílula - Troca,10,5,15
FTM Agostinho Neto (MZ_FTM_1261),MZ CPF - Serviço TARV/TIO,1,5,1
FTM Agostinho Neto (MZ_FTM_1261),MZ CPF - Testadas,200,176,242
FTM Agostinho Neto (MZ_FTM_1261),MZ CPF - Total de utentes novas no metodo - DIU,5,,4
FTM Agostinho Neto (MZ_FTM_1261),MZ CPF - Total de utentes novas no metodo - Implante,159,92,116
FTM Agostinho Neto (MZ_FTM_1261),MZ CPF - Total de utentes novas no metodo - Injectavel,147,158,260
FTM Agostinho Neto (MZ_FTM_1261),MZ CPF - Total de utentes novas no metodo - Pilula,486,385,475
FTM Agostinho Neto (MZ_FTM_1261),MZ CPF - Tratadas com 1ª Dose,,3,1
FTM Agostinho Neto (MZ_FTM_1261),MZ CPF - Utentes HIV+,3,13,12
FTM Agostinho Neto (MZ_FTM_1261),MZ CPF - Utentes Testados,246,193,241
FTM Agostinho Neto (MZ_FTM_1261),MZ CPF - Utentes com Seroestado Desconhecido,666,603,751
FTM Agostinho Neto (MZ_FTM_1261),MZ CPF - Utentes com Seroestado HIV+ a entrada,3,24,29
FTM Agostinho Neto (MZ_FTM_1261),MZ CPF - Utentes que continuam o metodo - Implante,6,15,4
FTM Agostinho Neto (MZ_FTM_1261),MZ CPF - Utentes que continuam o metodo - Pilula,237,145,269
FTM Bilene Macia (MZ_FTM_1238),MZ CPF - Feminino distribuidos,345,203,75
FTM Bilene Macia (MZ_FTM_1238),MZ CPF - Implante - Injectavel,,2,
FTM Bilene Macia (MZ_FTM_1238),MZ CPF - Injectável - Pilula,,1,
FTM Bilene Macia (MZ_FTM_1238),MZ CPF - Injectável - Troca,1,,
FTM Bilene Macia (MZ_FTM_1238),MZ CPF - Injectável Utentes Seguintes,105,164,198
FTM Bilene Macia (MZ_FTM_1238),MZ CPF - Masculinos distribuidos,1429,878,301
FTM Bilene Macia (MZ_FTM_1238),MZ CPF - Nº de ciclos distribuidos Microgynon,889,699,811
FTM Bilene Macia (MZ_FTM_1238),MZ CPF - Nº de ciclos distribuidos Microlut,172,424,457
FTM Bilene Macia (MZ_FTM_1238),MZ CPF - Nº de implante 4 anos inseridos,10,6,6
FTM Bilene Macia (MZ_FTM_1238),MZ CPF - Nº de implante 5 anos inseridos,66,44,64
FTM Bilene Macia (MZ_FTM_1238),MZ CPF - Nº de implantes removidos,1,3,1
FTM Bilene Macia (MZ_FTM_1238),MZ CPF - Nº de injectavel 3 mes,120,183,261
FTM Bilene Macia (MZ_FTM_1238),MZ CPF - N? de Sayana Press distribuido pela Enfermeira,51,86,61
FTM Bilene Macia (MZ_FTM_1238),MZ CPF - N? de Sayana Press distribuido pela PSC Tem Mais+,196,377,588
FTM Bilene Macia (MZ_FTM_1238),MZ CPF - Outro Motivo,4,,
FTM Bilene Macia (MZ_FTM_1238),MZ CPF - Primeiras consultas a utentes de sexo femenino,404,544,618
FTM Bilene Macia (MZ_FTM_1238),MZ CPF - Serviço TARV/TIO,,,4
FTM Bilene Macia (MZ_FTM_1238),MZ CPF - Teste de Gravidez,10,19,32
FTM Bilene Macia (MZ_FTM_1238),MZ CPF - Total de utentes novas no metodo - Implante,74,53,67
FTM Bilene Macia (MZ_FTM_1238),MZ CPF - Total de utentes novas no metodo - Injectavel,67,115,186
FTM Bilene Macia (MZ_FTM_1238),MZ CPF - Total de utentes novas no metodo - Pilula,258,340,369
FTM Bilene Macia (MZ_FTM_1238),MZ CPF - Total de utentes novas no método - Sayana (Enfermeira),8,13,19
FTM Bilene Macia (MZ_FTM_1238),MZ CPF - Utentes HIV+,,1,4
FTM Bilene Macia (MZ_FTM_1238),MZ CPF - Utentes Testados,43,97,68
FTM Bilene Macia (MZ_FTM_1238),MZ CPF - Utentes com Seroestado Desconhecido,95,165,183
FTM Bilene Macia (MZ_FTM_1238),MZ CPF - Utentes com Seroestado HIV+ a entrada,3,27,29
FTM Bilene Macia (MZ_FTM_1238),MZ CPF - Utentes que continuam o metodo - Implante,26,16,28
FTM Bilene Macia (MZ_FTM_1238),MZ CPF - Utentes que continuam o metodo - Pilula,844,714,865
FTM Bilene Macia (MZ_FTM_1238),MZ CPF - Utentes que continuam o metodo - Sayana (Enfermeira),43,73,42
FTM Chaimite (MZ_FTM_1249),MZ CPF - Implante - Injectavel,1,,2
FTM Chaimite (MZ_FTM_1249),MZ CPF - Implante - Pilula,,1,1
FTM Chaimite (MZ_FTM_1249),MZ CPF - Implante - Troca,1,1,3
FTM Chaimite (MZ_FTM_1249),MZ CPF - Injectável - Pilula,,1,5
FTM Chaimite (MZ_FTM_1249),MZ CPF - Injectável - Troca,,1,5
FTM Chaimite (MZ_FTM_1249),MZ CPF - Injectável Utentes Seguintes,131,280,569
FTM Chaimite (MZ_FTM_1249),MZ CPF - Lesões extensas no colo (>75%),,,7
FTM Chaimite (MZ_FTM_1249),MZ CPF - Masculinos distribuidos,7224,7849,8911
FTM Chaimite (MZ_FTM_1249),MZ CPF - Nº de 1ªs Vias Negativas,,,7
FTM Chaimite (MZ_FTM_1249),MZ CPF - Nº de 1ªs Vias Positivas,,,7
FTM Chaimite (MZ_FTM_1249),MZ CPF - Nº de 1ªs Vias Testadas,,,14
FTM Chaimite (MZ_FTM_1249),MZ CPF - Nº de DIU 10 anos inseridos,12,11,41
FTM Chaimite (MZ_FTM_1249),MZ CPF - Nº de DIU 5 anos inseridos,1,,2
FTM Chaimite (MZ_FTM_1249),MZ CPF - Nº de ciclos de emergencia distribuidos,,1,1
FTM Chaimite (MZ_FTM_1249),MZ CPF - Nº de ciclos distribuidos Microgynon,277,479,1276
FTM Chaimite (MZ_FTM_1249),MZ CPF - Nº de ciclos distribuidos Microlut,426,811,1768
FTM Chaimite (MZ_FTM_1249),MZ CPF - Nº de implante 5 anos inseridos,43,58,78
FTM Chaimite (MZ_FTM_1249),MZ CPF - Nº de implantes removidos,2,1,4
FTM Chaimite (MZ_FTM_1249),MZ CPF - Nº de injectavel 3 mes,463,735,1616
FTM Chaimite (MZ_FTM_1249),MZ CPF - Primeiras consultas a utentes de sexo femenino,759,1189,2491
FTM Chaimite (MZ_FTM_1249),MZ CPF - Pílula - Injectavel,3,3,10
FTM Chaimite (MZ_FTM_1249),MZ CPF - Pílula - Troca,2,3,9
FTM Chaimite (MZ_FTM_1249),MZ CPF - Total de utentes novas no metodo - DIU,13,11,43
FTM Chaimite (MZ_FTM_1249),MZ CPF - Total de utentes novas no metodo - Implante,43,58,78
FTM Chaimite (MZ_FTM_1249),MZ CPF - Total de utentes novas no metodo - Injectavel,332,455,1047
FTM Chaimite (MZ_FTM_1249),MZ CPF - Total de utentes novas no metodo - Pilula,375,663,1318
FTM Chaimite (MZ_FTM_1249),MZ CPF - Utentes HIV+,,2,3
FTM Chaimite (MZ_FTM_1249),MZ CPF - Utentes Testados,58,81,81
FTM Chaimite (MZ_FTM_1249),MZ CPF - Utentes com Seroestado Desconhecido,60,144,338
FTM Chaimite (MZ_FTM_1249),MZ CPF - Utentes com Seroestado HIV+ a entrada,8,44,178
FTM Chaimite (MZ_FTM_1249),MZ CPF - Utentes que continuam o metodo - Pilula,168,339,683
FTM Chamanculo (MZ_FTM_1226),MZ CPF - Feminino distribuidos,1434,1740,2057
FTM Chamanculo (MZ_FTM_1226),MZ CPF - Injectável - Troca,,,6
FTM Chamanculo (MZ_FTM_1226),MZ CPF - Injectável Utentes Seguintes,90,158,183
FTM Chamanculo (MZ_FTM_1226),MZ CPF - Lesões extensas no colo (>75%),,2,1
FTM Chamanculo (MZ_FTM_1226),MZ CPF - Masculinos distribuidos,5822,7970,6931
FTM Chamanculo (MZ_FTM_1226),MZ CPF - Nº de ciclos distribuidos (outra Marca),558,909,618
FTM Chamanculo (MZ_FTM_1226),MZ CPF - Nº de ciclos distribuidos Microgynon,733,1159,988
FTM Chamanculo (MZ_FTM_1226),MZ CPF - Nº de ciclos distribuidos Microlut,232,359,381
FTM Chamanculo (MZ_FTM_1226),MZ CPF - Nº de implante 3 anos inseridos,17,17,18
FTM Chamanculo (MZ_FTM_1226),MZ CPF - Nº de implante 5 anos inseridos,41,68,82
FTM Chamanculo (MZ_FTM_1226),MZ CPF - Nº de implantes removidos,13,20,11
FTM Chamanculo (MZ_FTM_1226),MZ CPF - Nº de injectavel 1 mes,,,4
FTM Chamanculo (MZ_FTM_1226),MZ CPF - Nº de injectavel 2 mes,25,27,20
FTM Chamanculo (MZ_FTM_1226),MZ CPF - Nº de injectavel 3 mes,134,226,244
FTM Chamanculo (MZ_FTM_1226),MZ CPF - N? de Sayana Press distribuido pela Enfermeira,34,64,60
FTM Chamanculo (MZ_FTM_1226),MZ CPF - N? de Sayana Press distribuido pela PSC Tem Mais+,70,74,109
FTM Chamanculo (MZ_FTM_1226),MZ CPF - Primeiras consultas a utentes de sexo femenino,274,530,450
FTM Chamanculo (MZ_FTM_1226),MZ CPF - Suspeita de cancro de colo,,1,1
FTM Chamanculo (MZ_FTM_1226),MZ CPF - Total de utentes novas no metodo - Implante,50,85,89
FTM Chamanculo (MZ_FTM_1226),MZ CPF - Total de utentes novas no metodo - Injectavel,47,76,73
FTM Chamanculo (MZ_FTM_1226),MZ CPF - Total de utentes novas no metodo - Pilula,168,296,323
FTM Chamanculo (MZ_FTM_1226),MZ CPF - Total de utentes novas no método - Sayana (Enfermeira),15,23,22
FTM Chamanculo (MZ_FTM_1226),MZ CPF - Utentes Testados,2,6,8
FTM Chamanculo (MZ_FTM_1226),MZ CPF - Utentes com Seroestado Desconhecido,2,6,8
FTM Chamanculo (MZ_FTM_1226),MZ CPF - Utentes que continuam o metodo - Implante,5,8,10
FTM Chamanculo (MZ_FTM_1226),MZ CPF - Utentes que continuam o metodo - Pilula,644,1319,1110
FTM Chamanculo (MZ_FTM_1226),MZ CPF - Utentes que continuam o metodo - Sayana (Enfermeira),23,48,45
FTM Chidenguele (MZ_FTM_1247),MZ CPF - Feminino distribuidos,18,28,20
FTM Chidenguele (MZ_FTM_1247),MZ CPF - Injectável - Abandonaram,10,18,10
FTM Chidenguele (MZ_FTM_1247),MZ CPF - Injectável - Faltaram,38,20,18
FTM Chidenguele (MZ_FTM_1247),MZ CPF - Injectável Utentes Seguintes,840,1290,2056
FTM Chidenguele (MZ_FTM_1247),MZ CPF - Masculinos distribuidos,4490,4600,4556
FTM Chidenguele (MZ_FTM_1247),MZ CPF - Nº de 1ªs Vias Negativas,100,370,511
FTM Chidenguele (MZ_FTM_1247),MZ CPF - Nº de 1ªs Vias Positivas,,9,30
FTM Chidenguele (MZ_FTM_1247),MZ CPF - Nº de 1ªs Vias Testadas,17,267,387
FTM Chidenguele (MZ_FTM_1247),MZ CPF - Nº de 2ªs Vias Testadas,83,112,154
FTM Chidenguele (MZ_FTM_1247),MZ CPF - Nº de Crioterapias feitas no mesmo dia,,9,30
FTM Chidenguele (MZ_FTM_1247),MZ CPF - Nº de DIU 10 anos inseridos,82,82,134
FTM Chidenguele (MZ_FTM_1247),MZ CPF - Nº de ciclos distribuidos Microgynon,712,946,1476
FTM Chidenguele (MZ_FTM_1247),MZ CPF - Nº de ciclos distribuidos Microlut,793,977,1521
FTM Chidenguele (MZ_FTM_1247),MZ CPF - Nº de implante 5 anos inseridos,182,156,181
FTM Chidenguele (MZ_FTM_1247),MZ CPF - Nº de implantes removidos,1,12,13
FTM Chidenguele (MZ_FTM_1247),MZ CPF - Nº de injectavel 3 mes,1047,1711,2721
FTM Chidenguele (MZ_FTM_1247),MZ CPF - Parceiros Tratados na CPF,1,3,5
FTM Chidenguele (MZ_FTM_1247),MZ CPF - Primeiras consultas a utentes de sexo femenino,700,1091,1493
FTM Chidenguele (MZ_FTM_1247),MZ CPF - Serviço TARV/TIO,,2,1
FTM Chidenguele (MZ_FTM_1247),MZ CPF - Suspeita de cancro de colo,,,1
FTM Chidenguele (MZ_FTM_1247),MZ CPF - Testadas,182,291,380
FTM Chidenguele (MZ_FTM_1247),MZ CPF - Total de utentes novas no metodo - DIU,82,82,134
FTM Chidenguele (MZ_FTM_1247),MZ CPF - Total de utentes novas no metodo - Implante,182,156,181
FTM Chidenguele (MZ_FTM_1247),MZ CPF - Total de utentes novas no metodo - Injectavel,255,521,819
FTM Chidenguele (MZ_FTM_1247),MZ CPF - Total de utentes novas no metodo - Pilula,184,333,443
FTM Chidenguele (MZ_FTM_1247),MZ CPF - Utentes HIV+,,2,2
FTM Chidenguele (MZ_FTM_1247),MZ CPF - Utentes Testados,318,450,567
FTM Chidenguele (MZ_FTM_1247),MZ CPF - Utentes com Seroestado Desconhecido,350,484,612
FTM Chidenguele (MZ_FTM_1247),MZ CPF - Utentes com Seroestado HIV+ a entrada,41,104,153
FTM Chidenguele (MZ_FTM_1247),MZ CPF - Utentes que continuam o metodo - DIU,3,6,5
FTM Chidenguele (MZ_FTM_1247),MZ CPF - Utentes que continuam o metodo - Implante,6,10,10
FTM Chidenguele (MZ_FTM_1247),MZ CPF - Utentes que continuam o metodo - Pilula,562,794,931
FTM Chokwe ( MZ_FTM_1239),MZ CPF - Feminino distribuidos,83,86,63
FTM Chokwe ( MZ_FTM_1239),MZ CPF - Injectável Utentes Seguintes,47,59,112
FTM Chokwe ( MZ_FTM_1239),MZ CPF - Masculinos distribuidos,1228,1376,1260
FTM Chokwe ( MZ_FTM_1239),MZ CPF - Nº de ciclos distribuidos Microgynon,432,725,893
FTM Chokwe ( MZ_FTM_1239),MZ CPF - Nº de ciclos distribuidos Microlut,186,345,465
FTM Chokwe ( MZ_FTM_1239),MZ CPF - Nº de implante 5 anos inseridos,24,37,43
FTM Chokwe ( MZ_FTM_1239),MZ CPF - Nº de implantes removidos,2,5,
FTM Chokwe ( MZ_FTM_1239),MZ CPF - Nº de injectavel 1 mes,7,13,24
FTM Chokwe ( MZ_FTM_1239),MZ CPF - Nº de injectavel 2 mes,6,23,26
FTM Chokwe ( MZ_FTM_1239),MZ CPF - Nº de injectavel 3 mes,122,180,241
FTM Chokwe ( MZ_FTM_1239),MZ CPF - N? de Sayana Press distribuido pela Enfermeira,6,12,14
FTM Chokwe ( MZ_FTM_1239),MZ CPF - N? de Sayana Press distribuido pela PSC Tem Mais+,113,155,235
FTM Chokwe ( MZ_FTM_1239),MZ CPF - Primeiras consultas a utentes de sexo femenino,473,793,934
FTM Chokwe ( MZ_FTM_1239),MZ CPF - Serviço TARV/TIO,2,5,16
FTM Chokwe ( MZ_FTM_1239),MZ CPF - Teste de Gravidez,,8,15
FTM Chokwe ( MZ_FTM_1239),MZ CPF - Total de utentes novas no metodo - Implante,24,43,45
FTM Chokwe ( MZ_FTM_1239),MZ CPF - Total de utentes novas no metodo - Injectavel,90,160,172
FTM Chokwe ( MZ_FTM_1239),MZ CPF - Total de utentes novas no metodo - Pilula,349,596,601
FTM Chokwe ( MZ_FTM_1239),MZ CPF - Total de utentes novas no método - Sayana (Enfermeira),6,12,14
FTM Chokwe ( MZ_FTM_1239),MZ CPF - Utentes HIV+,7,20,39
FTM Chokwe ( MZ_FTM_1239),MZ CPF - Utentes Testados,181,431,326
FTM Chokwe ( MZ_FTM_1239),MZ CPF - Utentes com Seroestado Desconhecido,226,370,526
FTM Chokwe ( MZ_FTM_1239),MZ CPF - Utentes com Seroestado HIV+ a entrada,30,17,50
FTM Chokwe ( MZ_FTM_1239),MZ CPF - Utentes que continuam o metodo - Pilula,274,386,590
FTM Chongoene (MZ_FTM_1251),MZ CPF - DIU - Pilula,,1,
FTM Chongoene (MZ_FTM_1251),MZ CPF - DIU - Troca,,2,
FTM Chongoene (MZ_FTM_1251),MZ CPF - Feminino distribuidos,2,,
FTM Chongoene (MZ_FTM_1251),MZ CPF - Iniciou TARV,6,10,13
FTM Chongoene (MZ_FTM_1251),MZ CPF - Injectável - Abandonaram,7,11,13
FTM Chongoene (MZ_FTM_1251),MZ CPF - Injectável - DIU,1,2,6
FTM Chongoene (MZ_FTM_1251),MZ CPF - Injectável - Faltaram,9,25,22
FTM Chongoene (MZ_FTM_1251),MZ CPF - Injectável - Implante,2,5,7
FTM Chongoene (MZ_FTM_1251),MZ CPF - Injectável - Pilula,1,1,3
FTM Chongoene (MZ_FTM_1251),MZ CPF - Injectável - Troca,1,2,3
FTM Chongoene (MZ_FTM_1251),MZ CPF - Injectável Utentes Seguintes,486,616,861
FTM Chongoene (MZ_FTM_1251),MZ CPF - Masculinos distribuidos,1450,1714,1963
FTM Chongoene (MZ_FTM_1251),MZ CPF - Nº de DIU 10 anos inseridos,68,73,59
FTM Chongoene (MZ_FTM_1251),MZ CPF - Nº de ciclos distribuidos Microgynon,391,289,237
FTM Chongoene (MZ_FTM_1251),MZ CPF - Nº de ciclos distribuidos Microlut,364,375,371
FTM Chongoene (MZ_FTM_1251),MZ CPF - Nº de implante 5 anos inseridos,166,149,127
FTM Chongoene (MZ_FTM_1251),MZ CPF - Nº de implantes removidos,,1,1
FTM Chongoene (MZ_FTM_1251),MZ CPF - Nº de injectavel 3 mes,821,1024,1520
FTM Chongoene (MZ_FTM_1251),MZ CPF - N? de Sayana Press distribuido pela Enfermeira,5,9,36
FTM Chongoene (MZ_FTM_1251),MZ CPF - Outro Motivo,3,4,9
FTM Chongoene (MZ_FTM_1251),MZ CPF - Parceiros Tratados na CPF,,1,3
FTM Chongoene (MZ_FTM_1251),MZ CPF - Positivas,,,3
FTM Chongoene (MZ_FTM_1251),MZ CPF - Primeiras consultas a utentes de sexo femenino,601,861,1555
FTM Chongoene (MZ_FTM_1251),MZ CPF - Pílula - DIU,1,1,1
FTM Chongoene (MZ_FTM_1251),MZ CPF - Pílula - Implante,2,6,6
FTM Chongoene (MZ_FTM_1251),MZ CPF - Pílula - Injectavel,1,6,4
FTM Chongoene (MZ_FTM_1251),MZ CPF - Pílula - Troca,1,6,4
FTM Chongoene (MZ_FTM_1251),MZ CPF - Serviço TARV/TIO,2,5,13
FTM Chongoene (MZ_FTM_1251),MZ CPF - Testadas,249,367,593
FTM Chongoene (MZ_FTM_1251),MZ CPF - Teste de Gravidez,,5,5
FTM Chongoene (MZ_FTM_1251),MZ CPF - Total de utentes novas no metodo - DIU,68,73,57
FTM Chongoene (MZ_FTM_1251),MZ CPF - Total de utentes novas no metodo - Implante,129,124,104
FTM Chongoene (MZ_FTM_1251),MZ CPF - Total de utentes novas no metodo - Injectavel,305,471,791
FTM Chongoene (MZ_FTM_1251),MZ CPF - Total de utentes novas no metodo - Pilula,280,227,241
FTM Chongoene (MZ_FTM_1251),MZ CPF - Total de utentes novas no método - Sayana (Enfermeira),5,9,36
FTM Chongoene (MZ_FTM_1251),MZ CPF - Tratadas com 1ª Dose,,,2
FTM Chongoene (MZ_FTM_1251),MZ CPF - Tratadas com 2ª Dose,,,2
FTM Chongoene (MZ_FTM_1251),MZ CPF - Tratadas com 3ª Dose,,,1
FTM Chongoene (MZ_FTM_1251),MZ CPF - Utentes HIV+,6,9,14
FTM Chongoene (MZ_FTM_1251),MZ CPF - Utentes Testados,169,296,491
FTM Chongoene (MZ_FTM_1251),MZ CPF - Utentes com Seroestado Desconhecido,169,296,491
FTM Chongoene (MZ_FTM_1251),MZ CPF - Utentes com Seroestado HIV+ a entrada,28,81,183
FTM Chongoene (MZ_FTM_1251),MZ CPF - Utentes que continuam o metodo - DIU,13,7,7
FTM Chongoene (MZ_FTM_1251),MZ CPF - Utentes que continuam o metodo - Implante,22,13,11
FTM Chongoene (MZ_FTM_1251),MZ CPF - Utentes que continuam o metodo - Pilula,392,310,302
FTM Cobe (MZ_FTM_1245),MZ CPF - Feminino distribuidos,252,203,183
FTM Cobe (MZ_FTM_1245),MZ CPF - Injectável Utentes Seguintes,75,95,91
FTM Cobe (MZ_FTM_1245),MZ CPF - Masculinos distribuidos,1662,1800,3740
FTM Cobe (MZ_FTM_1245),MZ CPF - Nº de ciclos distribuidos Lofemonal,11,61,79
FTM Cobe (MZ_FTM_1245),MZ CPF - Nº de ciclos distribuidos Microgynon,800,720,926
FTM Cobe (MZ_FTM_1245),MZ CPF - Nº de ciclos distribuidos Microlut,340,366,462
FTM Cobe (MZ_FTM_1245),MZ CPF - Nº de implante 4 anos inseridos,3,7,7
FTM Cobe (MZ_FTM_1245),MZ CPF - Nº de implante 5 anos inseridos,54,68,32
FTM Cobe (MZ_FTM_1245),MZ CPF - Nº de implantes removidos,1,1,2
FTM Cobe (MZ_FTM_1245),MZ CPF - Nº de injectavel 3 mes,115,134,156
FTM Cobe (MZ_FTM_1245),MZ CPF - N? de Sayana Press distribuido pela Enfermeira,63,104,74
FTM Cobe (MZ_FTM_1245),MZ CPF - N? de Sayana Press distribuido pela PSC Tem Mais+,341,420,507
FTM Cobe (MZ_FTM_1245),MZ CPF - Primeiras consultas a utentes de sexo femenino,282,438,403
FTM Cobe (MZ_FTM_1245),MZ CPF - Sayana - Implante,,1,
FTM Cobe (MZ_FTM_1245),MZ CPF - Sayana - Pilula,,1,
FTM Cobe (MZ_FTM_1245),MZ CPF - Teste de Gravidez,2,19,6
FTM Cobe (MZ_FTM_1245),MZ CPF - Total de utentes novas no metodo - Implante,57,74,45
FTM Cobe (MZ_FTM_1245),MZ CPF - Total de utentes novas no metodo - Injectavel,40,39,54
FTM Cobe (MZ_FTM_1245),MZ CPF - Total de utentes novas no metodo - Pilula,127,414,264
FTM Cobe (MZ_FTM_1245),MZ CPF - Total de utentes novas no método - Sayana (Enfermeira),15,27,24
FTM Cobe (MZ_FTM_1245),MZ CPF - Utentes HIV+,,,1
FTM Cobe (MZ_FTM_1245),MZ CPF - Utentes Testados,2,6,9
FTM Cobe (MZ_FTM_1245),MZ CPF - Utentes com Seroestado Desconhecido,9,80,530
FTM Cobe (MZ_FTM_1245),MZ CPF - Utentes com Seroestado HIV+ a entrada,,,2
FTM Cobe (MZ_FTM_1245),MZ CPF - Utentes que continuam o metodo - Implante,37,26,20
FTM Cobe (MZ_FTM_1245),MZ CPF - Utentes que continuam o metodo - Pilula,672,834,1103
FTM Cobe (MZ_FTM_1245),MZ CPF - Utentes que continuam o metodo - Sayana (Enfermeira),213,247,535
FTM de Anchilo (MZ_FTM_1230),MZ CPF - Iniciou TARV,,,1
FTM de Anchilo (MZ_FTM_1230),MZ CPF - Injectável Utentes Seguintes,1070,2558,2541
FTM de Anchilo (MZ_FTM_1230),MZ CPF - Masculinos distribuidos,3618,8288,6035
FTM de Anchilo (MZ_FTM_1230),MZ CPF - Nº de 1ªs Vias Negativas,,32,94
FTM de Anchilo (MZ_FTM_1230),MZ CPF - Nº de 1ªs Vias Testadas,3,66,107
FTM de Anchilo (MZ_FTM_1230),MZ CPF - Nº de DIU 10 anos inseridos,9,147,237
FTM de Anchilo (MZ_FTM_1230),MZ CPF - Nº de DIU 5 anos inseridos,12,14,12
FTM de Anchilo (MZ_FTM_1230),MZ CPF - Nº de ciclos de emergencia distribuidos,12,7,5
FTM de Anchilo (MZ_FTM_1230),MZ CPF - Nº de ciclos distribuidos Microgynon,1392,1149,833
FTM de Anchilo (MZ_FTM_1230),MZ CPF - Nº de ciclos distribuidos Microlut,667,864,656
FTM de Anchilo (MZ_FTM_1230),MZ CPF - Nº de implante 4 anos inseridos,,,34
FTM de Anchilo (MZ_FTM_1230),MZ CPF - Nº de implante 5 anos inseridos,149,348,391
FTM de Anchilo (MZ_FTM_1230),MZ CPF - Nº de implantes removidos,5,13,15
FTM de Anchilo (MZ_FTM_1230),MZ CPF - Nº de injectavel 2 mes,,,453
FTM de Anchilo (MZ_FTM_1230),MZ CPF - Nº de injectavel 3 mes,1834,4745,4105
FTM de Anchilo (MZ_FTM_1230),MZ CPF - Outros,1,,
FTM de Anchilo (MZ_FTM_1230),MZ CPF - Parceiros Tratados na CPF,,2,
FTM de Anchilo (MZ_FTM_1230),MZ CPF - Positivas,1,3,1
FTM de Anchilo (MZ_FTM_1230),MZ CPF - Primeiras consultas a utentes de sexo femenino,1395,2848,2330
FTM de Anchilo (MZ_FTM_1230),MZ CPF - Serviço TARV/TIO,1,7,8
FTM de Anchilo (MZ_FTM_1230),MZ CPF - Testadas,82,176,174
FTM de Anchilo (MZ_FTM_1230),MZ CPF - Total de utentes novas no metodo - DIU,21,161,249
FTM de Anchilo (MZ_FTM_1230),MZ CPF - Total de utentes novas no metodo - Implante,148,504,435
FTM de Anchilo (MZ_FTM_1230),MZ CPF - Total de utentes novas no metodo - Injectavel,638,2211,2032
FTM de Anchilo (MZ_FTM_1230),MZ CPF - Total de utentes novas no metodo - Pilula,572,653,465
FTM de Anchilo (MZ_FTM_1230),MZ CPF - Tratadas com 1ª Dose,1,2,1
FTM de Anchilo (MZ_FTM_1230),MZ CPF - Utentes HIV+,4,33,15
FTM de Anchilo (MZ_FTM_1230),MZ CPF - Utentes Testados,446,1478,1619
FTM de Anchilo (MZ_FTM_1230),MZ CPF - Utentes com Seroestado Desconhecido,361,1394,1577
FTM de Anchilo (MZ_FTM_1230),MZ CPF - Utentes com Seroestado HIV+ a entrada,1,20,17
FTM de Anchilo (MZ_FTM_1230),MZ CPF - Utentes que continuam o metodo - Implante,1,,
FTM de Anchilo (MZ_FTM_1230),MZ CPF - Utentes que continuam o metodo - Pilula,493,610,471
FTM de Anchilo (MZ_FTM_1230),MZ CPF -Casos Adversos -  Implante,1,,
FTM de Muhala (MZ_FTM_1229),MZ CPF - Feminino distribuidos,100,200,
FTM de Muhala (MZ_FTM_1229),MZ CPF - Injectável - Implante,,,1
FTM de Muhala (MZ_FTM_1229),MZ CPF - Injectável Utentes Seguintes,34,115,236
FTM de Muhala (MZ_FTM_1229),MZ CPF - Masculinos distribuidos,1340,926,440
FTM de Muhala (MZ_FTM_1229),MZ CPF - Nº de 1ªs Vias Positivas,1,,
FTM de Muhala (MZ_FTM_1229),MZ CPF - Nº de 1ªs Vias Testadas,7,38,62
FTM de Muhala (MZ_FTM_1229),MZ CPF - Nº de casos de efeitos adversos,,,100
FTM de Muhala (MZ_FTM_1229),MZ CPF - Nº de ciclos distribuidos Microgynon,327,403,306
FTM de Muhala (MZ_FTM_1229),MZ CPF - Nº de ciclos distribuidos Microlut,87,222,355
FTM de Muhala (MZ_FTM_1229),MZ CPF - Nº de efeitos adversos por metodo,,,100
FTM de Muhala (MZ_FTM_1229),MZ CPF - Nº de implante 4 anos inseridos,5,8,17
FTM de Muhala (MZ_FTM_1229),MZ CPF - Nº de implante 5 anos inseridos,14,33,29
FTM de Muhala (MZ_FTM_1229),MZ CPF - Nº de implantes removidos,1,,2
FTM de Muhala (MZ_FTM_1229),MZ CPF - Nº de injectavel 2 mes,87,50,57
FTM de Muhala (MZ_FTM_1229),MZ CPF - Nº de injectavel 3 mes,5,145,146
FTM de Muhala (MZ_FTM_1229),MZ CPF - N? de Sayana Press distribuido pela Enfermeira,29,63,48
FTM de Muhala (MZ_FTM_1229),MZ CPF - N? de Sayana Press distribuido pela PSC Tem Mais+,366,598,424
FTM de Muhala (MZ_FTM_1229),MZ CPF - Positivas,,2,
FTM de Muhala (MZ_FTM_1229),MZ CPF - Primeiras consultas a utentes de sexo femenino,261,411,418
FTM de Muhala (MZ_FTM_1229),MZ CPF - Sayana - Implante,10,32,13
FTM de Muhala (MZ_FTM_1229),MZ CPF - Sayana - Pilula,10,28,13
FTM de Muhala (MZ_FTM_1229),MZ CPF - Sayana - Troca,,4,
FTM de Muhala (MZ_FTM_1229),MZ CPF - Serviço TARV/TIO,,2,
FTM de Muhala (MZ_FTM_1229),MZ CPF - Testadas,,25,
FTM de Muhala (MZ_FTM_1229),MZ CPF - Total de utentes novas no metodo - Implante,19,32,46
FTM de Muhala (MZ_FTM_1229),MZ CPF - Total de utentes novas no metodo - Injectavel,58,90,91
FTM de Muhala (MZ_FTM_1229),MZ CPF - Total de utentes novas no metodo - Pilula,109,147,173
FTM de Muhala (MZ_FTM_1229),MZ CPF - Total de utentes novas no método - Sayana (Enfermeira),27,46,35
FTM de Muhala (MZ_FTM_1229),MZ CPF - Tratadas com 1ª Dose,,2,
FTM de Muhala (MZ_FTM_1229),MZ CPF - Utentes HIV+,,2,
FTM de Muhala (MZ_FTM_1229),MZ CPF - Utentes Testados,26,103,31
FTM de Muhala (MZ_FTM_1229),MZ CPF - Utentes com Seroestado Desconhecido,128,253,214
FTM de Muhala (MZ_FTM_1229),MZ CPF - Utentes com Seroestado HIV+ a entrada,8,20,7
FTM de Muhala (MZ_FTM_1229),MZ CPF - Utentes que continuam o metodo - Implante,2,11,5
FTM de Muhala (MZ_FTM_1229),MZ CPF - Utentes que continuam o metodo - Pilula,323,529,347
FTM de Muhala (MZ_FTM_1229),MZ CPF - Utentes que continuam o metodo - Sayana (Enfermeira),2,21,10
FTM de Murrupula (MZ_FTM_1228),MZ CPF - Injectável Utentes Seguintes,1576,3393,4656
FTM de Murrupula (MZ_FTM_1228),MZ CPF - Lesões extensas no colo (>75%),2,2,2
FTM de Murrupula (MZ_FTM_1228),MZ CPF - Masculinos distribuidos,5190,6294,4689
FTM de Murrupula (MZ_FTM_1228),MZ CPF - Nº de 1ªs Vias Negativas,19,40,78
FTM de Murrupula (MZ_FTM_1228),MZ CPF - Nº de 1ªs Vias Positivas,3,12,10
FTM de Murrupula (MZ_FTM_1228),MZ CPF - Nº de 1ªs Vias Testadas,22,46,89
FTM de Murrupula (MZ_FTM_1228),MZ CPF - Nº de Crioterapias feitas no mesmo dia,2,5,5
FTM de Murrupula (MZ_FTM_1228),MZ CPF - Nº de DIU 10 anos inseridos,190,104,151
FTM de Murrupula (MZ_FTM_1228),MZ CPF - Nº de ciclos de emergencia distribuidos,30,30,33
FTM de Murrupula (MZ_FTM_1228),MZ CPF - Nº de ciclos distribuidos (outra Marca),30,30,33
FTM de Murrupula (MZ_FTM_1228),MZ CPF - Nº de ciclos distribuidos Microgynon,1128,1253,572
FTM de Murrupula (MZ_FTM_1228),MZ CPF - Nº de ciclos distribuidos Microlut,520,384,264
FTM de Murrupula (MZ_FTM_1228),MZ CPF - Nº de implante 4 anos inseridos,1,5,9
FTM de Murrupula (MZ_FTM_1228),MZ CPF - Nº de implante 5 anos inseridos,197,230,284
FTM de Murrupula (MZ_FTM_1228),MZ CPF - Nº de implantes removidos,4,2,3
FTM de Murrupula (MZ_FTM_1228),MZ CPF - Nº de injectavel 1 mes,1,11,18
FTM de Murrupula (MZ_FTM_1228),MZ CPF - Nº de injectavel 2 mes,66,,
FTM de Murrupula (MZ_FTM_1228),MZ CPF - Nº de injectavel 3 mes,1876,4033,5526
FTM de Murrupula (MZ_FTM_1228),MZ CPF - N? Crioterapias adiadas,,1,
FTM de Murrupula (MZ_FTM_1228),MZ CPF - Positivas,,,1
FTM de Murrupula (MZ_FTM_1228),MZ CPF - Primeiras consultas a utentes de sexo femenino,704,1229,1459
FTM de Murrupula (MZ_FTM_1228),MZ CPF - Serviço TARV/TIO,,1,
FTM de Murrupula (MZ_FTM_1228),MZ CPF - Suspeita de cancro de colo,2,,2
FTM de Murrupula (MZ_FTM_1228),MZ CPF - Testadas,20,45,53
FTM de Murrupula (MZ_FTM_1228),MZ CPF - Total de utentes novas no metodo - DIU,193,109,157
FTM de Murrupula (MZ_FTM_1228),MZ CPF - Total de utentes novas no metodo - Implante,205,231,302
FTM de Murrupula (MZ_FTM_1228),MZ CPF - Total de utentes novas no metodo - Injectavel,393,859,1094
FTM de Murrupula (MZ_FTM_1228),MZ CPF - Total de utentes novas no metodo - Pilula,198,161,84
FTM de Murrupula (MZ_FTM_1228),MZ CPF - Utentes HIV+,,,1
FTM de Murrupula (MZ_FTM_1228),MZ CPF - Utentes Testados,106,525,463
FTM de Murrupula (MZ_FTM_1228),MZ CPF - Utentes com Seroestado Desconhecido,409,741,1179
FTM de Murrupula (MZ_FTM_1228),MZ CPF - Utentes com Seroestado HIV+ a entrada,1,2,3
FTM de Murrupula (MZ_FTM_1228),MZ CPF - Utentes que continuam o metodo - Implante,1,7,
FTM de Murrupula (MZ_FTM_1228),MZ CPF - Utentes que continuam o metodo - Pilula,1188,1023,331
FTM de Quelimane (MZ_FTM_1234),MZ CPF - Implante - Troca,2,2,
FTM de Quelimane (MZ_FTM_1234),MZ CPF - Iniciou TARV,,1,7
FTM de Quelimane (MZ_FTM_1234),MZ CPF - Injectável - DIU,,,4
FTM de Quelimane (MZ_FTM_1234),MZ CPF - Injectável - Faltaram,2,13,13
FTM de Quelimane (MZ_FTM_1234),MZ CPF - Injectável - Pilula,5,,2
FTM de Quelimane (MZ_FTM_1234),MZ CPF - Injectável - Troca,5,,2
FTM de Quelimane (MZ_FTM_1234),MZ CPF - Injectável Utentes Seguintes,588,1024,1820
FTM de Quelimane (MZ_FTM_1234),MZ CPF - Masculinos distribuidos,24,16,104
FTM de Quelimane (MZ_FTM_1234),MZ CPF - Nº de DIU 10 anos inseridos,43,145,171
FTM de Quelimane (MZ_FTM_1234),MZ CPF - Nº de ciclos distribuidos Microgynon,544,1041,1968
FTM de Quelimane (MZ_FTM_1234),MZ CPF - Nº de ciclos distribuidos Microlut,929,962,1259
FTM de Quelimane (MZ_FTM_1234),MZ CPF - Nº de implante 5 anos inseridos,143,286,244
FTM de Quelimane (MZ_FTM_1234),MZ CPF - Nº de implantes removidos,,1,4
FTM de Quelimane (MZ_FTM_1234),MZ CPF - Nº de injectavel 3 mes,896,1407,2169
FTM de Quelimane (MZ_FTM_1234),MZ CPF - N? de Sayana Press distribuido pela Enfermeira,,1,30
FTM de Quelimane (MZ_FTM_1234),MZ CPF - Primeiras consultas a utentes de sexo femenino,678,1102,1070
FTM de Quelimane (MZ_FTM_1234),MZ CPF - Pílula - Implante,,,1
FTM de Quelimane (MZ_FTM_1234),MZ CPF - Pílula - Injectavel,2,3,1
FTM de Quelimane (MZ_FTM_1234),MZ CPF - Pílula - Troca,2,3,2
FTM de Quelimane (MZ_FTM_1234),MZ CPF - Serviço TARV/TIO,,5,6
FTM de Quelimane (MZ_FTM_1234),MZ CPF - Total de utentes novas no metodo - DIU,43,145,171
FTM de Quelimane (MZ_FTM_1234),MZ CPF - Total de utentes novas no metodo - Implante,143,286,244
FTM de Quelimane (MZ_FTM_1234),MZ CPF - Total de utentes novas no metodo - Injectavel,308,383,349
FTM de Quelimane (MZ_FTM_1234),MZ CPF - Total de utentes novas no metodo - Pilula,208,307,263
FTM de Quelimane (MZ_FTM_1234),MZ CPF - Total de utentes novas no método - Sayana (Enfermeira),,1,30
FTM de Quelimane (MZ_FTM_1234),MZ CPF - Utentes HIV+,,3,9
FTM de Quelimane (MZ_FTM_1234),MZ CPF - Utentes Testados,34,103,109
FTM de Quelimane (MZ_FTM_1234),MZ CPF - Utentes com Seroestado Desconhecido,242,780,1083
FTM de Quelimane (MZ_FTM_1234),MZ CPF - Utentes com Seroestado HIV+ a entrada,9,56,87
FTM de Quelimane (MZ_FTM_1234),MZ CPF - Utentes que continuam o metodo - DIU,1,32,31
FTM de Quelimane (MZ_FTM_1234),MZ CPF - Utentes que continuam o metodo - Implante,6,59,67
FTM de Quelimane (MZ_FTM_1234),MZ CPF - Utentes que continuam o metodo - Pilula,582,744,913
FTM Dondo (MZ_ FTM_1256),MZ CPF - CD4<350 ou estadio III ou estadio IV,,80,78
FTM Dondo (MZ_ FTM_1256),MZ CPF - DIU - Injectavel,,,1
FTM Dondo (MZ_ FTM_1256),MZ CPF - DIU - Pilula,,,1
FTM Dondo (MZ_ FTM_1256),MZ CPF - DIU - Troca,,,2
FTM Dondo (MZ_ FTM_1256),MZ CPF - Feminino distribuidos,370,520,510
FTM Dondo (MZ_ FTM_1256),MZ CPF - Implante - Injectavel,,2,3
FTM Dondo (MZ_ FTM_1256),MZ CPF - Implante - Pilula,,1,6
FTM Dondo (MZ_ FTM_1256),MZ CPF - Implante - Troca,,3,9
FTM Dondo (MZ_ FTM_1256),MZ CPF - Injectável - Pilula,,,2
FTM Dondo (MZ_ FTM_1256),MZ CPF - Injectável - Troca,,,2
FTM Dondo (MZ_ FTM_1256),MZ CPF - Injectável Utentes Seguintes,554,1165,1716
FTM Dondo (MZ_ FTM_1256),MZ CPF - Lesões extensas no colo (>75%),,,7
FTM Dondo (MZ_ FTM_1256),MZ CPF - Masculinos distribuidos,1511,1572,3011
FTM Dondo (MZ_ FTM_1256),MZ CPF - Nº de 1ªs Vias Negativas,87,107,155
FTM Dondo (MZ_ FTM_1256),MZ CPF - Nº de 1ªs Vias Positivas,,,8
FTM Dondo (MZ_ FTM_1256),MZ CPF - Nº de 1ªs Vias Testadas,84,110,170
FTM Dondo (MZ_ FTM_1256),MZ CPF - Nº de 2ªs Vias Positivas,,,3
FTM Dondo (MZ_ FTM_1256),MZ CPF - Nº de 2ªs Vias Testadas,6,9,13
FTM Dondo (MZ_ FTM_1256),MZ CPF - Nº de Crioterapias feitas no mesmo dia,,,10
FTM Dondo (MZ_ FTM_1256),MZ CPF - Nº de DIU 10 anos inseridos,89,116,162
FTM Dondo (MZ_ FTM_1256),MZ CPF - Nº de ciclos de emergencia distribuidos,14,17,14
FTM Dondo (MZ_ FTM_1256),MZ CPF - Nº de ciclos distribuidos Microgynon,705,913,1309
FTM Dondo (MZ_ FTM_1256),MZ CPF - Nº de ciclos distribuidos Microlut,539,786,885
FTM Dondo (MZ_ FTM_1256),MZ CPF - Nº de implante 5 anos inseridos,257,347,476
FTM Dondo (MZ_ FTM_1256),MZ CPF - Nº de implantes removidos,17,28,44
FTM Dondo (MZ_ FTM_1256),MZ CPF - Nº de injectavel 3 mes,987,1857,2596
FTM Dondo (MZ_ FTM_1256),MZ CPF - Outro Motivo,,,3
FTM Dondo (MZ_ FTM_1256),MZ CPF - Parceiros Tratados na CPF,,3,10
FTM Dondo (MZ_ FTM_1256),MZ CPF - Positivas,,3,10
FTM Dondo (MZ_ FTM_1256),MZ CPF - Primeiras consultas a utentes de sexo femenino,1120,1814,2232
FTM Dondo (MZ_ FTM_1256),MZ CPF - Pílula - Implante,1,,1
FTM Dondo (MZ_ FTM_1256),MZ CPF - Pílula - Injectavel,2,1,
FTM Dondo (MZ_ FTM_1256),MZ CPF - Pílula - Troca,3,1,1
FTM Dondo (MZ_ FTM_1256),MZ CPF - Serviço TARV/TIO,10,16,31
FTM Dondo (MZ_ FTM_1256),MZ CPF - Suspeita de cancro de colo,,4,16
FTM Dondo (MZ_ FTM_1256),MZ CPF - Testadas,91,169,176
FTM Dondo (MZ_ FTM_1256),MZ CPF - Total de utentes novas no metodo - DIU,89,116,162
FTM Dondo (MZ_ FTM_1256),MZ CPF - Total de utentes novas no metodo - Implante,257,347,476
FTM Dondo (MZ_ FTM_1256),MZ CPF - Total de utentes novas no metodo - Injectavel,433,692,880
FTM Dondo (MZ_ FTM_1256),MZ CPF - Total de utentes novas no metodo - Pilula,418,533,660
FTM Dondo (MZ_ FTM_1256),MZ CPF - Tratadas com 1ª Dose,,3,10
FTM Dondo (MZ_ FTM_1256),MZ CPF - Tratadas com 2ª Dose,,3,10
FTM Dondo (MZ_ FTM_1256),MZ CPF - Tratadas com 3ª Dose,,3,10
FTM Dondo (MZ_ FTM_1256),MZ CPF - Utentes HIV+,10,135,134
FTM Dondo (MZ_ FTM_1256),MZ CPF - Utentes Testados,151,273,311
FTM Dondo (MZ_ FTM_1256),MZ CPF - Utentes com Seroestado Desconhecido,167,347,406
FTM Dondo (MZ_ FTM_1256),MZ CPF - Utentes com Seroestado HIV+ a entrada,34,94,118
FTM Dondo (MZ_ FTM_1256),MZ CPF - Utentes que continuam o metodo - Pilula,253,408,539
FTM Guava (MZ_FTM_1233),MZ CPF - Feminino distribuidos,14,15,5
FTM Guava (MZ_FTM_1233),MZ CPF - Injectável - Implante,1,2,8
FTM Guava (MZ_FTM_1233),MZ CPF - Injectável - Pilula,1,10,1
FTM Guava (MZ_FTM_1233),MZ CPF - Injectável Utentes Seguintes,32,61,87
FTM Guava (MZ_FTM_1233),MZ CPF - Masculinos distribuidos,347,258,243
FTM Guava (MZ_FTM_1233),MZ CPF - Nº de ciclos distribuidos (outra Marca),,,9
FTM Guava (MZ_FTM_1233),MZ CPF - Nº de ciclos distribuidos Microgynon,577,1019,1862
FTM Guava (MZ_FTM_1233),MZ CPF - Nº de ciclos distribuidos Microlut,281,434,779
FTM Guava (MZ_FTM_1233),MZ CPF - Nº de implante 4 anos inseridos,1,,
FTM Guava (MZ_FTM_1233),MZ CPF - Nº de implante 5 anos inseridos,20,44,71
FTM Guava (MZ_FTM_1233),MZ CPF - Nº de injectavel 1 mes,17,21,46
FTM Guava (MZ_FTM_1233),MZ CPF - Nº de injectavel 2 mes,2,16,7
FTM Guava (MZ_FTM_1233),MZ CPF - Nº de injectavel 3 mes,37,60,102
FTM Guava (MZ_FTM_1233),MZ CPF - N? de Sayana Press distribuido pela Enfermeira,,5,2
FTM Guava (MZ_FTM_1233),MZ CPF - N? de Sayana Press distribuido pela PSC Tem Mais+,41,44,139
FTM Guava (MZ_FTM_1233),MZ CPF - Outro Motivo,,,5
FTM Guava (MZ_FTM_1233),MZ CPF - Primeiras consultas a utentes de sexo femenino,278,427,614
FTM Guava (MZ_FTM_1233),MZ CPF - Pílula - Implante,2,3,14
FTM Guava (MZ_FTM_1233),MZ CPF - Pílula - Injectavel,6,19,24
FTM Guava (MZ_FTM_1233),MZ CPF - Sayana - Pilula,,,2
FTM Guava (MZ_FTM_1233),MZ CPF - Serviço TARV/TIO,,1,2
FTM Guava (MZ_FTM_1233),MZ CPF - Total de utentes novas no metodo - Implante,21,44,71
FTM Guava (MZ_FTM_1233),MZ CPF - Total de utentes novas no metodo - Injectavel,24,33,67
FTM Guava (MZ_FTM_1233),MZ CPF - Total de utentes novas no metodo - Pilula,219,340,490
FTM Guava (MZ_FTM_1233),MZ CPF - Total de utentes novas no método - Sayana (Enfermeira),,5,2
FTM Guava (MZ_FTM_1233),MZ CPF - Utentes HIV+,,2,3
FTM Guava (MZ_FTM_1233),MZ CPF - Utentes Testados,6,9,29
FTM Guava (MZ_FTM_1233),MZ CPF - Utentes com Seroestado Desconhecido,141,213,330
FTM Guava (MZ_FTM_1233),MZ CPF - Utentes com Seroestado HIV+ a entrada,2,6,10
FTM Guava (MZ_FTM_1233),MZ CPF - Utentes que continuam o metodo - Implante,10,12,29
FTM Guava (MZ_FTM_1233),MZ CPF - Utentes que continuam o metodo - Pilula,741,945,2246
FTM Homoine (MZ_FTM_1254),MZ CPF - Casos Adversos - DIU,,,1
FTM Homoine (MZ_FTM_1254),MZ CPF - Casos Adversos - Injectavel,,2,4
FTM Homoine (MZ_FTM_1254),MZ CPF - DIU - Abandonaram,,,1
FTM Homoine (MZ_FTM_1254),MZ CPF - DIU - Pilula,,,1
FTM Homoine (MZ_FTM_1254),MZ CPF - DIU - Troca,1,7,20
FTM Homoine (MZ_FTM_1254),MZ CPF - Feminino distribuidos,160,293,603
FTM Homoine (MZ_FTM_1254),MZ CPF - Implante - DIU,,,3
FTM Homoine (MZ_FTM_1254),MZ CPF - Implante - Injectavel,,1,
FTM Homoine (MZ_FTM_1254),MZ CPF - Injectável - DIU,,,1
FTM Homoine (MZ_FTM_1254),MZ CPF - Injectável - Implante,,1,4
FTM Homoine (MZ_FTM_1254),MZ CPF - Injectável - N? de utentes que,,,1
FTM Homoine (MZ_FTM_1254),MZ CPF - Injectável - Pilula,,,1
FTM Homoine (MZ_FTM_1254),MZ CPF - Injectável Utentes Seguintes,74,181,851
FTM Homoine (MZ_FTM_1254),MZ CPF - Lesões extensas no colo (>75%),,,1
FTM Homoine (MZ_FTM_1254),MZ CPF - Masculinos distribuidos,3633,2530,5070
FTM Homoine (MZ_FTM_1254),MZ CPF - Nº de 1ªs Vias Negativas,,,29
FTM Homoine (MZ_FTM_1254),MZ CPF - Nº de 1ªs Vias Positivas,,,6
FTM Homoine (MZ_FTM_1254),MZ CPF - Nº de 1ªs Vias Testadas,,,39
FTM Homoine (MZ_FTM_1254),MZ CPF - Nº de 2ªs Vias Positivas,,,1
FTM Homoine (MZ_FTM_1254),MZ CPF - Nº de 2ªs Vias Testadas,,,24
FTM Homoine (MZ_FTM_1254),MZ CPF - Nº de Crioterapias feitas no mesmo dia,,,4
FTM Homoine (MZ_FTM_1254),MZ CPF - Nº de DIU 10 anos inseridos,13,10,61
FTM Homoine (MZ_FTM_1254),MZ CPF - Nº de casos de efeitos adversos,,2,4
FTM Homoine (MZ_FTM_1254),MZ CPF - Nº de ciclos de emergencia distribuidos,,,1
FTM Homoine (MZ_FTM_1254),MZ CPF - Nº de ciclos distribuidos (outra Marca),14,48,196
FTM Homoine (MZ_FTM_1254),MZ CPF - Nº de ciclos distribuidos Microgynon,263,230,1745
FTM Homoine (MZ_FTM_1254),MZ CPF - Nº de ciclos distribuidos Microlut,119,108,785
FTM Homoine (MZ_FTM_1254),MZ CPF - Nº de efeitos adversos por metodo,,,2
FTM Homoine (MZ_FTM_1254),MZ CPF - Nº de implante 5 anos inseridos,197,95,248
FTM Homoine (MZ_FTM_1254),MZ CPF - Nº de implantes removidos,1,3,11
FTM Homoine (MZ_FTM_1254),MZ CPF - Nº de injectavel 3 mes,217,316,1366
FTM Homoine (MZ_FTM_1254),MZ CPF - N? Crioterapias adiadas,,,2
FTM Homoine (MZ_FTM_1254),MZ CPF - N? de Sayana Press distribuido pela Enfermeira,10,11,264
FTM Homoine (MZ_FTM_1254),MZ CPF - Outro Motivo,,,2
FTM Homoine (MZ_FTM_1254),MZ CPF - Parceiros Tratados na CPF,,,3
FTM Homoine (MZ_FTM_1254),MZ CPF - Positivas,,,2
FTM Homoine (MZ_FTM_1254),MZ CPF - Primeiras consultas a utentes de sexo femenino,672,424,2161
FTM Homoine (MZ_FTM_1254),MZ CPF - Pílula - Implante,,1,2
FTM Homoine (MZ_FTM_1254),MZ CPF - Pílula - Injectavel,,,3
FTM Homoine (MZ_FTM_1254),MZ CPF - Serviço TARV/TIO,,1,7
FTM Homoine (MZ_FTM_1254),MZ CPF - Testadas,89,86,226
FTM Homoine (MZ_FTM_1254),MZ CPF - Total de utentes novas no metodo - DIU,14,17,81
FTM Homoine (MZ_FTM_1254),MZ CPF - Total de utentes novas no metodo - Implante,230,102,303
FTM Homoine (MZ_FTM_1254),MZ CPF - Total de utentes novas no metodo - Injectavel,143,135,515
FTM Homoine (MZ_FTM_1254),MZ CPF - Total de utentes novas no metodo - Pilula,261,186,995
FTM Homoine (MZ_FTM_1254),MZ CPF - Total de utentes novas no método - Sayana (Enfermeira),10,11,255
FTM Homoine (MZ_FTM_1254),MZ CPF - Tratadas com 1ª Dose,,,2
FTM Homoine (MZ_FTM_1254),MZ CPF - Tratadas com 3ª Dose,,,1
FTM Homoine (MZ_FTM_1254),MZ CPF - Utentes HIV+,,3,8
FTM Homoine (MZ_FTM_1254),MZ CPF - Utentes Testados,52,89,245
FTM Homoine (MZ_FTM_1254),MZ CPF - Utentes com Seroestado Desconhecido,39,75,244
FTM Homoine (MZ_FTM_1254),MZ CPF - Utentes com Seroestado HIV+ a entrada,2,12,101
FTM Homoine (MZ_FTM_1254),MZ CPF - Utentes que continuam o metodo - DIU,10,12,42
FTM Homoine (MZ_FTM_1254),MZ CPF - Utentes que continuam o metodo - Implante,98,63,164
FTM Homoine (MZ_FTM_1254),MZ CPF - Utentes que continuam o metodo - Pilula,79,91,505
FTM Homoine (MZ_FTM_1254),MZ CPF - Utentes que continuam o metodo - Sayana (Enfermeira),,,9
FTM Incadine (MZ_FTM_1248),MZ CPF - DIU - Faltaram,16,18,18
FTM Incadine (MZ_FTM_1248),MZ CPF - Feminino distribuidos,19,29,27
FTM Incadine (MZ_FTM_1248),MZ CPF - Implante - Abandonaram,5,6,3
FTM Incadine (MZ_FTM_1248),MZ CPF - Implante - Faltaram,44,52,34
FTM Incadine (MZ_FTM_1248),MZ CPF - Iniciou TARV,3,1,1
FTM Incadine (MZ_FTM_1248),MZ CPF - Injectável - Abandonaram,19,34,53
FTM Incadine (MZ_FTM_1248),MZ CPF - Injectável - Faltaram,64,77,123
FTM Incadine (MZ_FTM_1248),MZ CPF - Injectável Utentes Seguintes,543,722,1073
FTM Incadine (MZ_FTM_1248),MZ CPF - Laqueação tubária,,,2
FTM Incadine (MZ_FTM_1248),MZ CPF - Lesões extensas no colo (>75%),,,1
FTM Incadine (MZ_FTM_1248),MZ CPF - Masculinos distribuidos,820,1350,1766
FTM Incadine (MZ_FTM_1248),MZ CPF - Nº de DIU 10 anos inseridos,50,81,57
FTM Incadine (MZ_FTM_1248),MZ CPF - Nº de ciclos de emergencia distribuidos,11,19,22
FTM Incadine (MZ_FTM_1248),MZ CPF - Nº de ciclos distribuidos Microgynon,510,689,1110
FTM Incadine (MZ_FTM_1248),MZ CPF - Nº de ciclos distribuidos Microlut,1157,1347,2004
FTM Incadine (MZ_FTM_1248),MZ CPF - Nº de implante 5 anos inseridos,108,140,120
FTM Incadine (MZ_FTM_1248),MZ CPF - Nº de implantes removidos,2,6,7
FTM Incadine (MZ_FTM_1248),MZ CPF - Nº de injectavel 3 mes,739,971,1491
FTM Incadine (MZ_FTM_1248),MZ CPF - Outro Motivo,,1,
FTM Incadine (MZ_FTM_1248),MZ CPF - Primeiras consultas a utentes de sexo femenino,654,720,934
FTM Incadine (MZ_FTM_1248),MZ CPF - Serviço TARV/TIO,6,,1
FTM Incadine (MZ_FTM_1248),MZ CPF - Suspeita de cancro de colo,,,1
FTM Incadine (MZ_FTM_1248),MZ CPF - Testadas,27,30,47
FTM Incadine (MZ_FTM_1248),MZ CPF - Total de utentes novas no metodo - DIU,45,81,57
FTM Incadine (MZ_FTM_1248),MZ CPF - Total de utentes novas no metodo - Implante,108,140,96
FTM Incadine (MZ_FTM_1248),MZ CPF - Total de utentes novas no metodo - Injectavel,277,350,574
FTM Incadine (MZ_FTM_1248),MZ CPF - Total de utentes novas no metodo - Pilula,247,320,392
FTM Incadine (MZ_FTM_1248),MZ CPF - Utentes HIV+,6,1,1
FTM Incadine (MZ_FTM_1248),MZ CPF - Utentes Testados,152,165,217
FTM Incadine (MZ_FTM_1248),MZ CPF - Utentes com Seroestado Desconhecido,197,231,305
FTM Incadine (MZ_FTM_1248),MZ CPF - Utentes com Seroestado HIV+ a entrada,29,67,94
FTM Incadine (MZ_FTM_1248),MZ CPF - Utentes que continuam o metodo - DIU,15,40,30
FTM Incadine (MZ_FTM_1248),MZ CPF - Utentes que continuam o metodo - Implante,39,68,48
FTM Incadine (MZ_FTM_1248),MZ CPF - Utentes que continuam o metodo - Pilula,520,614,803
FTM Julius Nyerere (MZ_FTM_1252),MZ CPF - Feminino distribuidos,34,47,30
FTM Julius Nyerere (MZ_FTM_1252),MZ CPF - Implante - Injectavel,2,2,
FTM Julius Nyerere (MZ_FTM_1252),MZ CPF - Implante - Pilula,1,1,1
FTM Julius Nyerere (MZ_FTM_1252),MZ CPF - Implante - Troca,3,3,3
FTM Julius Nyerere (MZ_FTM_1252),MZ CPF - Iniciou TARV,,1,1
FTM Julius Nyerere (MZ_FTM_1252),MZ CPF - Injectável - Implante,3,3,2
FTM Julius Nyerere (MZ_FTM_1252),MZ CPF - Injectável - Pilula,5,8,12
FTM Julius Nyerere (MZ_FTM_1252),MZ CPF - Injectável - Troca,5,11,10
FTM Julius Nyerere (MZ_FTM_1252),MZ CPF - Injectável Utentes Seguintes,227,477,940
FTM Julius Nyerere (MZ_FTM_1252),MZ CPF - Masculinos distribuidos,4864,4996,3437
FTM Julius Nyerere (MZ_FTM_1252),MZ CPF - Nº de 1ªs Vias Negativas,,,31
FTM Julius Nyerere (MZ_FTM_1252),MZ CPF - Nº de 1ªs Vias Positivas,,,3
FTM Julius Nyerere (MZ_FTM_1252),MZ CPF - Nº de 1ªs Vias Testadas,,,34
FTM Julius Nyerere (MZ_FTM_1252),MZ CPF - Nº de Crioterapias feitas no mesmo dia,,,2
FTM Julius Nyerere (MZ_FTM_1252),MZ CPF - Nº de DIU 10 anos inseridos,31,13,12
FTM Julius Nyerere (MZ_FTM_1252),MZ CPF - Nº de ciclos de emergencia distribuidos,1,4,1
FTM Julius Nyerere (MZ_FTM_1252),MZ CPF - Nº de ciclos distribuidos (outra Marca),,,3
FTM Julius Nyerere (MZ_FTM_1252),MZ CPF - Nº de ciclos distribuidos Microgynon,529,420,528
FTM Julius Nyerere (MZ_FTM_1252),MZ CPF - Nº de ciclos distribuidos Microlut,221,497,1161
FTM Julius Nyerere (MZ_FTM_1252),MZ CPF - Nº de implante 4 anos inseridos,,7,
FTM Julius Nyerere (MZ_FTM_1252),MZ CPF - Nº de implante 5 anos inseridos,155,61,59
FTM Julius Nyerere (MZ_FTM_1252),MZ CPF - Nº de implantes removidos,2,3,5
FTM Julius Nyerere (MZ_FTM_1252),MZ CPF - Nº de injectavel 3 mes,463,837,1805
FTM Julius Nyerere (MZ_FTM_1252),MZ CPF - Outro Motivo,,1,2
FTM Julius Nyerere (MZ_FTM_1252),MZ CPF - Parceiros Tratados na CPF,,1,
FTM Julius Nyerere (MZ_FTM_1252),MZ CPF - Positivas,,2,
FTM Julius Nyerere (MZ_FTM_1252),MZ CPF - Primeiras consultas a utentes de sexo femenino,832,808,1706
FTM Julius Nyerere (MZ_FTM_1252),MZ CPF - Pílula - Implante,3,,2
FTM Julius Nyerere (MZ_FTM_1252),MZ CPF - Pílula - Injectavel,2,9,9
FTM Julius Nyerere (MZ_FTM_1252),MZ CPF - Pílula - Troca,5,8,8
FTM Julius Nyerere (MZ_FTM_1252),MZ CPF - Serviço TARV/TIO,,4,10
FTM Julius Nyerere (MZ_FTM_1252),MZ CPF - Suspeita de cancro de colo,,,1
FTM Julius Nyerere (MZ_FTM_1252),MZ CPF - Testadas,107,141,249
FTM Julius Nyerere (MZ_FTM_1252),MZ CPF - Total de utentes novas no metodo - DIU,31,14,13
FTM Julius Nyerere (MZ_FTM_1252),MZ CPF - Total de utentes novas no metodo - Implante,155,68,59
FTM Julius Nyerere (MZ_FTM_1252),MZ CPF - Total de utentes novas no metodo - Injectavel,196,360,866
FTM Julius Nyerere (MZ_FTM_1252),MZ CPF - Total de utentes novas no metodo - Pilula,408,357,777
FTM Julius Nyerere (MZ_FTM_1252),MZ CPF - Tratadas com 1ª Dose,,1,
FTM Julius Nyerere (MZ_FTM_1252),MZ CPF - Tratadas com 2ª Dose,,1,
FTM Julius Nyerere (MZ_FTM_1252),MZ CPF - Tratadas com 3ª Dose,,1,
FTM Julius Nyerere (MZ_FTM_1252),MZ CPF - Utentes HIV+,,6,11
FTM Julius Nyerere (MZ_FTM_1252),MZ CPF - Utentes Testados,120,148,229
FTM Julius Nyerere (MZ_FTM_1252),MZ CPF - Utentes com Seroestado Desconhecido,120,148,229
FTM Julius Nyerere (MZ_FTM_1252),MZ CPF - Utentes com Seroestado HIV+ a entrada,5,78,184
FTM Julius Nyerere (MZ_FTM_1252),MZ CPF - Utentes que continuam o metodo - Implante,9,2,4
FTM Julius Nyerere (MZ_FTM_1252),MZ CPF - Utentes que continuam o metodo - Pilula,161,226,393
FTM Laulane (MZ_FTM_470688),MZ CPF - Feminino distribuidos,6,9,15
FTM Laulane (MZ_FTM_470688),MZ CPF - Implante - Pilula,,2,
FTM Laulane (MZ_FTM_470688),MZ CPF - Implante - Troca,1,2,
FTM Laulane (MZ_FTM_470688),MZ CPF - Iniciou TARV,,1,1
FTM Laulane (MZ_FTM_470688),MZ CPF - Injectável - Implante,,1,1
FTM Laulane (MZ_FTM_470688),MZ CPF - Injectável - Pilula,,2,2
FTM Laulane (MZ_FTM_470688),MZ CPF - Injectável - Troca,1,,
FTM Laulane (MZ_FTM_470688),MZ CPF - Injectável Utentes Seguintes,13,18,38
FTM Laulane (MZ_FTM_470688),MZ CPF - Masculinos distribuidos,131,284,189
FTM Laulane (MZ_FTM_470688),MZ CPF - Nº de ciclos distribuidos Microgynon,41,63,226
FTM Laulane (MZ_FTM_470688),MZ CPF - Nº de ciclos distribuidos Microlut,102,93,180
FTM Laulane (MZ_FTM_470688),MZ CPF - Nº de implante 5 anos inseridos,6,22,29
FTM Laulane (MZ_FTM_470688),MZ CPF - Nº de implantes removidos,,1,
FTM Laulane (MZ_FTM_470688),MZ CPF - Nº de injectavel 3 mes,17,24,46
FTM Laulane (MZ_FTM_470688),MZ CPF - Outro Motivo,,,1
FTM Laulane (MZ_FTM_470688),MZ CPF - Primeiras consultas a utentes de sexo femenino,41,62,98
FTM Laulane (MZ_FTM_470688),MZ CPF - Pílula - Implante,,2,
FTM Laulane (MZ_FTM_470688),MZ CPF - Pílula - Injectavel,,1,1
FTM Laulane (MZ_FTM_470688),MZ CPF - Total de utentes novas no metodo - Implante,6,22,29
FTM Laulane (MZ_FTM_470688),MZ CPF - Total de utentes novas no metodo - Injectavel,9,9,17
FTM Laulane (MZ_FTM_470688),MZ CPF - Total de utentes novas no metodo - Pilula,26,31,52
FTM Laulane (MZ_FTM_470688),MZ CPF - Utentes Testados,3,7,10
FTM Laulane (MZ_FTM_470688),MZ CPF - Utentes com Seroestado Desconhecido,5,39,54
FTM Laulane (MZ_FTM_470688),MZ CPF - Utentes com Seroestado HIV+ a entrada,1,3,2
FTM Laulane (MZ_FTM_470688),MZ CPF - Utentes que continuam o metodo - Pilula,144,139,313
FTM Mafambisse (FTM_1263),MZ CPF - Feminino distribuidos,145,141,139
FTM Mafambisse (FTM_1263),MZ CPF - Injectável Utentes Seguintes,401,718,909
FTM Mafambisse (FTM_1263),MZ CPF - Laqueação tubária,,,3
FTM Mafambisse (FTM_1263),MZ CPF - Masculinos distribuidos,,700,1000
FTM Mafambisse (FTM_1263),MZ CPF - Nº de 1ªs Vias Positivas,,2,3
FTM Mafambisse (FTM_1263),MZ CPF - Nº de 1ªs Vias Testadas,,2,8
FTM Mafambisse (FTM_1263),MZ CPF - Nº de DIU 10 anos inseridos,37,72,80
FTM Mafambisse (FTM_1263),MZ CPF - Nº de ciclos de emergencia distribuidos,8,4,12
FTM Mafambisse (FTM_1263),MZ CPF - Nº de ciclos distribuidos Microgynon,489,732,552
FTM Mafambisse (FTM_1263),MZ CPF - Nº de ciclos distribuidos Microlut,477,633,799
FTM Mafambisse (FTM_1263),MZ CPF - Nº de implante 5 anos inseridos,126,193,250
FTM Mafambisse (FTM_1263),MZ CPF - Nº de implantes removidos,11,12,14
FTM Mafambisse (FTM_1263),MZ CPF - Nº de injectavel 3 mes,937,1613,1809
FTM Mafambisse (FTM_1263),MZ CPF - Positivas,,,2
FTM Mafambisse (FTM_1263),MZ CPF - Primeiras consultas a utentes de sexo femenino,1051,1802,2241
FTM Mafambisse (FTM_1263),MZ CPF - Suspeita de cancro de colo,,2,6
FTM Mafambisse (FTM_1263),MZ CPF - Testadas,129,147,146
FTM Mafambisse (FTM_1263),MZ CPF - Total de utentes novas no metodo - DIU,37,72,80
FTM Mafambisse (FTM_1263),MZ CPF - Total de utentes novas no metodo - Implante,133,203,262
FTM Mafambisse (FTM_1263),MZ CPF - Total de utentes novas no metodo - Injectavel,536,895,1088
FTM Mafambisse (FTM_1263),MZ CPF - Total de utentes novas no metodo - Pilula,339,700,725
FTM Mafambisse (FTM_1263),MZ CPF - Tratadas com 1ª Dose,,,2
FTM Mafambisse (FTM_1263),MZ CPF - Tratadas com 2ª Dose,,,2
FTM Mafambisse (FTM_1263),MZ CPF - Utentes HIV+,,1,3
FTM Mafambisse (FTM_1263),MZ CPF - Utentes Testados,76,127,127
FTM Mafambisse (FTM_1263),MZ CPF - Utentes com Seroestado Desconhecido,256,392,389
FTM Mafambisse (FTM_1263),MZ CPF - Utentes com Seroestado HIV+ a entrada,21,15,20
FTM Mafambisse (FTM_1263),MZ CPF - Utentes que continuam o metodo - Pilula,388,418,477
FTM Magoanine (MZ_FTM_1246),MZ CPF - Feminino distribuidos,271,178,286
FTM Magoanine (MZ_FTM_1246),MZ CPF - Implante - Injectavel,,,1
FTM Magoanine (MZ_FTM_1246),MZ CPF - Implante - Pilula,,1,1
FTM Magoanine (MZ_FTM_1246),MZ CPF - Iniciou TARV,,,2
FTM Magoanine (MZ_FTM_1246),MZ CPF - Injectável - Implante,,4,2
FTM Magoanine (MZ_FTM_1246),MZ CPF - Injectável - Pilula,1,7,4
FTM Magoanine (MZ_FTM_1246),MZ CPF - Injectável Utentes Seguintes,14,56,127
FTM Magoanine (MZ_FTM_1246),MZ CPF - Masculinos distribuidos,1774,3172,5955
FTM Magoanine (MZ_FTM_1246),MZ CPF - Nº de ciclos distribuidos Microgynon,475,1231,2524
FTM Magoanine (MZ_FTM_1246),MZ CPF - Nº de ciclos distribuidos Microlut,121,505,915
FTM Magoanine (MZ_FTM_1246),MZ CPF - Nº de implante 5 anos inseridos,40,81,125
FTM Magoanine (MZ_FTM_1246),MZ CPF - Nº de implantes removidos,,1,1
FTM Magoanine (MZ_FTM_1246),MZ CPF - Nº de injectavel 3 mes,30,79,178
FTM Magoanine (MZ_FTM_1246),MZ CPF - N? de Sayana Press distribuido pela Enfermeira,13,62,92
FTM Magoanine (MZ_FTM_1246),MZ CPF - N? de Sayana Press distribuido pela PSC Tem Mais+,91,305,486
FTM Magoanine (MZ_FTM_1246),MZ CPF - Outro Motivo,,1,3
FTM Magoanine (MZ_FTM_1246),MZ CPF - Primeiras consultas a utentes de sexo femenino,273,489,1006
FTM Magoanine (MZ_FTM_1246),MZ CPF - Pílula - Implante,1,4,2
FTM Magoanine (MZ_FTM_1246),MZ CPF - Pílula - Injectavel,1,8,7
FTM Magoanine (MZ_FTM_1246),MZ CPF - Sayana - Implante,,1,
FTM Magoanine (MZ_FTM_1246),MZ CPF - Sayana - Pilula,,1,
FTM Magoanine (MZ_FTM_1246),MZ CPF - Serviço TARV/TIO,,,2
FTM Magoanine (MZ_FTM_1246),MZ CPF - Teste de Gravidez,,1,2
FTM Magoanine (MZ_FTM_1246),MZ CPF - Total de utentes novas no metodo - Implante,36,76,137
FTM Magoanine (MZ_FTM_1246),MZ CPF - Total de utentes novas no metodo - Injectavel,16,25,49
FTM Magoanine (MZ_FTM_1246),MZ CPF - Total de utentes novas no metodo - Pilula,110,274,842
FTM Magoanine (MZ_FTM_1246),MZ CPF - Total de utentes novas no método - Sayana (Enfermeira),16,44,65
FTM Magoanine (MZ_FTM_1246),MZ CPF - Utentes HIV+,,1,2
FTM Magoanine (MZ_FTM_1246),MZ CPF - Utentes Testados,11,13,15
FTM Magoanine (MZ_FTM_1246),MZ CPF - Utentes com Seroestado Desconhecido,447,842,1142
FTM Magoanine (MZ_FTM_1246),MZ CPF - Utentes com Seroestado HIV+ a entrada,,9,15
FTM Magoanine (MZ_FTM_1246),MZ CPF - Utentes que continuam o metodo - Implante,11,18,21
FTM Magoanine (MZ_FTM_1246),MZ CPF - Utentes que continuam o metodo - Pilula,285,1193,3044
FTM Magoanine (MZ_FTM_1246),MZ CPF - Utentes que continuam o metodo - Sayana (Enfermeira),4,26,56
FTM Malehice (MZ_FTM_1225),MZ CPF - CD4<350 ou estadio III ou estadio IV,,,4
FTM Malehice (MZ_FTM_1225),MZ CPF - Feminino distribuidos,201,99,201
FTM Malehice (MZ_FTM_1225),MZ CPF - Implante - Injectavel,1,2,3
FTM Malehice (MZ_FTM_1225),MZ CPF - Implante - Pilula,1,6,3
FTM Malehice (MZ_FTM_1225),MZ CPF - Implante - Troca,1,3,5
FTM Malehice (MZ_FTM_1225),MZ CPF - Injectável - Implante,,3,2
FTM Malehice (MZ_FTM_1225),MZ CPF - Injectável - Pilula,,,1
FTM Malehice (MZ_FTM_1225),MZ CPF - Injectável - Troca,,3,3
FTM Malehice (MZ_FTM_1225),MZ CPF - Injectável Utentes Seguintes,627,801,1516
FTM Malehice (MZ_FTM_1225),MZ CPF - Lesões extensas no colo (>75%),,,1
FTM Malehice (MZ_FTM_1225),MZ CPF - Masculinos distribuidos,5528,7565,12669
FTM Malehice (MZ_FTM_1225),MZ CPF - Nº de 1ªs Vias Negativas,8,24,272
FTM Malehice (MZ_FTM_1225),MZ CPF - Nº de 1ªs Vias Positivas,,1,14
FTM Malehice (MZ_FTM_1225),MZ CPF - Nº de 1ªs Vias Testadas,48,327,451
FTM Malehice (MZ_FTM_1225),MZ CPF - Nº de 2ªs Vias Testadas,,,73
FTM Malehice (MZ_FTM_1225),MZ CPF - Nº de Crioterapias feitas no mesmo dia,,,7
FTM Malehice (MZ_FTM_1225),MZ CPF - Nº de DIU 10 anos inseridos,6,66,91
FTM Malehice (MZ_FTM_1225),MZ CPF - Nº de DIU 5 anos inseridos,,11,4
FTM Malehice (MZ_FTM_1225),MZ CPF - Nº de casos de efeitos adversos,100,340,360
FTM Malehice (MZ_FTM_1225),MZ CPF - Nº de ciclos de emergencia distribuidos,4,14,7
FTM Malehice (MZ_FTM_1225),MZ CPF - Nº de ciclos distribuidos Microgynon,668,1277,1856
FTM Malehice (MZ_FTM_1225),MZ CPF - Nº de ciclos distribuidos Microlut,925,1502,2150
FTM Malehice (MZ_FTM_1225),MZ CPF - Nº de efeitos adversos por metodo,10,40,80
FTM Malehice (MZ_FTM_1225),MZ CPF - Nº de implante 5 anos inseridos,153,174,187
FTM Malehice (MZ_FTM_1225),MZ CPF - Nº de implantes removidos,3,14,8
FTM Malehice (MZ_FTM_1225),MZ CPF - Nº de injectavel 1 mes,5,30,
FTM Malehice (MZ_FTM_1225),MZ CPF - Nº de injectavel 2 mes,2,48,23
FTM Malehice (MZ_FTM_1225),MZ CPF - Nº de injectavel 3 mes,1049,1658,2767
FTM Malehice (MZ_FTM_1225),MZ CPF - N? Crioterapias adiadas,,1,4
FTM Malehice (MZ_FTM_1225),MZ CPF - N? de Sayana Press distribuido pela Enfermeira,27,24,73
FTM Malehice (MZ_FTM_1225),MZ CPF - N? de Sayana Press distribuido pela PSC Tem Mais+,10,16,24
FTM Malehice (MZ_FTM_1225),MZ CPF - Parceiros Tratados na CPF,,1,1
FTM Malehice (MZ_FTM_1225),MZ CPF - Positivas,,1,2
FTM Malehice (MZ_FTM_1225),MZ CPF - Primeiras consultas a utentes de sexo femenino,1195,2015,3082
FTM Malehice (MZ_FTM_1225),MZ CPF - Pílula - DIU,,,1
FTM Malehice (MZ_FTM_1225),MZ CPF - Pílula - Implante,,,1
FTM Malehice (MZ_FTM_1225),MZ CPF - Pílula - Injectavel,,2,1
FTM Malehice (MZ_FTM_1225),MZ CPF - Pílula - Troca,,2,1
FTM Malehice (MZ_FTM_1225),MZ CPF - Serviço TARV/TIO,3,8,15
FTM Malehice (MZ_FTM_1225),MZ CPF - Testadas,199,297,466
FTM Malehice (MZ_FTM_1225),MZ CPF - Teste de Gravidez,107,7,4
FTM Malehice (MZ_FTM_1225),MZ CPF - Total de utentes novas no metodo - DIU,6,72,95
FTM Malehice (MZ_FTM_1225),MZ CPF - Total de utentes novas no metodo - Implante,162,174,187
FTM Malehice (MZ_FTM_1225),MZ CPF - Total de utentes novas no metodo - Injectavel,578,807,1294
FTM Malehice (MZ_FTM_1225),MZ CPF - Total de utentes novas no metodo - Pilula,482,966,1334
FTM Malehice (MZ_FTM_1225),MZ CPF - Total de utentes novas no método - Sayana (Enfermeira),27,24,73
FTM Malehice (MZ_FTM_1225),MZ CPF - Tratadas com 1ª Dose,,1,2
FTM Malehice (MZ_FTM_1225),MZ CPF - Utentes HIV+,34,69,33
FTM Malehice (MZ_FTM_1225),MZ CPF - Utentes Testados,401,2652,1726
FTM Malehice (MZ_FTM_1225),MZ CPF - Utentes com Seroestado Desconhecido,360,757,1837
FTM Malehice (MZ_FTM_1225),MZ CPF - Utentes com Seroestado HIV+ a entrada,34,67,199
FTM Malehice (MZ_FTM_1225),MZ CPF - Utentes que continuam o metodo - DIU,1,25,33
FTM Malehice (MZ_FTM_1225),MZ CPF - Utentes que continuam o metodo - Implante,5,38,36
FTM Malehice (MZ_FTM_1225),MZ CPF - Utentes que continuam o metodo - Pilula,389,847,1162
FTM Malhampwene (MZ_FTM_7583),MZ CPF - Casos Adversos - Pilula,,,1
FTM Malhampwene (MZ_FTM_7583),MZ CPF - Feminino distribuidos,137,130,108
FTM Malhampwene (MZ_FTM_7583),MZ CPF - Injectável - Implante,1,4,2
FTM Malhampwene (MZ_FTM_7583),MZ CPF - Injectável - Pilula,2,4,13
FTM Malhampwene (MZ_FTM_7583),MZ CPF - Injectável - Troca,,1,3
FTM Malhampwene (MZ_FTM_7583),MZ CPF - Injectável Utentes Seguintes,27,39,29
FTM Malhampwene (MZ_FTM_7583),MZ CPF - Masculinos distribuidos,2754,3361,2443
FTM Malhampwene (MZ_FTM_7583),MZ CPF - Nº de ciclos distribuidos Microgynon,461,373,606
FTM Malhampwene (MZ_FTM_7583),MZ CPF - Nº de ciclos distribuidos Microlut,151,279,326
FTM Malhampwene (MZ_FTM_7583),MZ CPF - Nº de implante 5 anos inseridos,39,37,49
FTM Malhampwene (MZ_FTM_7583),MZ CPF - Nº de implantes removidos,4,2,4
FTM Malhampwene (MZ_FTM_7583),MZ CPF - Nº de injectavel 3 mes,64,99,112
FTM Malhampwene (MZ_FTM_7583),MZ CPF - N? de Sayana Press distribuido pela Enfermeira,5,4,9
FTM Malhampwene (MZ_FTM_7583),MZ CPF - N? de Sayana Press distribuido pela PSC Tem Mais+,47,69,110
FTM Malhampwene (MZ_FTM_7583),MZ CPF - Outro Motivo,1,1,6
FTM Malhampwene (MZ_FTM_7583),MZ CPF - Primeiras consultas a utentes de sexo femenino,187,253,328
FTM Malhampwene (MZ_FTM_7583),MZ CPF - Pílula - Implante,,3,5
FTM Malhampwene (MZ_FTM_7583),MZ CPF - Pílula - Injectavel,3,11,17
FTM Malhampwene (MZ_FTM_7583),MZ CPF - Sayana - Implante,,1,1
FTM Malhampwene (MZ_FTM_7583),MZ CPF - Sayana - Pilula,,,2
FTM Malhampwene (MZ_FTM_7583),MZ CPF - Teste de Gravidez,,,1
FTM Malhampwene (MZ_FTM_7583),MZ CPF - Total de utentes novas no metodo - Implante,39,37,49
FTM Malhampwene (MZ_FTM_7583),MZ CPF - Total de utentes novas no metodo - Injectavel,39,63,85
FTM Malhampwene (MZ_FTM_7583),MZ CPF - Total de utentes novas no metodo - Pilula,140,214,333
FTM Malhampwene (MZ_FTM_7583),MZ CPF - Total de utentes novas no método - Sayana (Enfermeira),3,2,6
FTM Malhampwene (MZ_FTM_7583),MZ CPF - Utentes Testados,30,8,8
FTM Malhampwene (MZ_FTM_7583),MZ CPF - Utentes com Seroestado Desconhecido,425,636,974
FTM Malhampwene (MZ_FTM_7583),MZ CPF - Utentes com Seroestado HIV+ a entrada,6,13,25
FTM Malhampwene (MZ_FTM_7583),MZ CPF - Utentes que continuam o metodo - Implante,6,1,3
FTM Malhampwene (MZ_FTM_7583),MZ CPF - Utentes que continuam o metodo - Pilula,457,384,476
FTM Malhampwene (MZ_FTM_7583),MZ CPF - Utentes que continuam o metodo - Sayana (Enfermeira),,,1
FTM Mangonha (MZ_FTM_1274),MZ CPF - Feminino distribuidos,,5,7
FTM Mangonha (MZ_FTM_1274),MZ CPF - Injectável Utentes Seguintes,84,142,400
FTM Mangonha (MZ_FTM_1274),MZ CPF - Laqueação tubária,,,2
FTM Mangonha (MZ_FTM_1274),MZ CPF - Masculinos distribuidos,4704,6357,9475
FTM Mangonha (MZ_FTM_1274),MZ CPF - Nº de DIU 10 anos inseridos,8,3,15
FTM Mangonha (MZ_FTM_1274),MZ CPF - Nº de ciclos distribuidos Microgynon,236,299,623
FTM Mangonha (MZ_FTM_1274),MZ CPF - Nº de ciclos distribuidos Microlut,175,284,354
FTM Mangonha (MZ_FTM_1274),MZ CPF - Nº de implante 5 anos inseridos,46,34,54
FTM Mangonha (MZ_FTM_1274),MZ CPF - Nº de injectavel 3 mes,262,375,818
