FTM Chamanculo (MZ_FTM_1226),MZ CPF - Injectável Utentes Seguintes 20-24 yrs,,11,
FTM Chamanculo (MZ_FTM_1226),MZ CPF - Injectável Utentes Seguintes 25 +,,,16
FTM Chamanculo (MZ_FTM_1226),MZ CPF - Injectável Utentes Seguintes < 20,3,,
FTM Chamanculo (MZ_FTM_1226),MZ CPF - Masculinos distribuidos 20-24 yrs,,750,
FTM Chamanculo (MZ_FTM_1226),MZ CPF - Masculinos distribuidos 25 +,,,530
FTM Chamanculo (MZ_FTM_1226),MZ CPF - Masculinos distribuidos < 20,310,,
FTM Chamanculo (MZ_FTM_1226),MZ CPF - Nº de ciclos distribuidos (outra Marca) 20-24 yrs,,298,
FTM Chamanculo (MZ_FTM_1226),MZ CPF - Nº de ciclos distribuidos (outra Marca) 25 +,,,101
FTM Chamanculo (MZ_FTM_1226),MZ CPF - Nº de ciclos distribuidos (outra Marca) < 20,199,,
FTM Chamanculo (MZ_FTM_1226),MZ CPF - Nº de ciclos distribuidos Microgynon 20-24 yrs,,198,
FTM Chamanculo (MZ_FTM_1226),MZ CPF - Nº de ciclos distribuidos Microgynon 25 +,,,160
FTM Chamanculo (MZ_FTM_1226),MZ CPF - Nº de ciclos distribuidos Microgynon < 20,178,,
FTM Chamanculo (MZ_FTM_1226),MZ CPF - Nº de ciclos distribuidos Microlut 20-24 yrs,,15,
FTM Chamanculo (MZ_FTM_1226),MZ CPF - Nº de ciclos distribuidos Microlut 25 +,,,11
FTM Chamanculo (MZ_FTM_1226),MZ CPF - Nº de ciclos distribuidos Microlut < 20,5,,
FTM Chamanculo (MZ_FTM_1226),MZ CPF - Nº de implante 5 anos inseridos 20-24 yrs,,11,
FTM Chamanculo (MZ_FTM_1226),MZ CPF - Nº de implante 5 anos inseridos 25 +,,,7
FTM Chamanculo (MZ_FTM_1226),MZ CPF - Nº de implante 5 anos inseridos < 20,2,,
FTM Chamanculo (MZ_FTM_1226),MZ CPF - Nº de injectavel 3 mes 20-24 yrs,,21,
FTM Chamanculo (MZ_FTM_1226),MZ CPF - Nº de injectavel 3 mes 25 +,,,21
FTM Chamanculo (MZ_FTM_1226),MZ CPF - Nº de injectavel 3 mes < 20,5,,
FTM Chamanculo (MZ_FTM_1226),MZ CPF - Total de utentes novas no metodo - Implante 20-24 yrs,,11,
FTM Chamanculo (MZ_FTM_1226),MZ CPF - Total de utentes novas no metodo - Implante 25 +,,,7
FTM Chamanculo (MZ_FTM_1226),MZ CPF - Total de utentes novas no metodo - Implante < 20,2,,
FTM Chamanculo (MZ_FTM_1226),MZ CPF - Total de utentes novas no metodo - Injectavel 20-24 yrs,,10,
FTM Chamanculo (MZ_FTM_1226),MZ CPF - Total de utentes novas no metodo - Injectavel 25 +,,,5
FTM Chamanculo (MZ_FTM_1226),MZ CPF - Total de utentes novas no metodo - Injectavel < 20,2,,
FTM Chamanculo (MZ_FTM_1226),MZ CPF - Total de utentes novas no metodo - Pilula 20-24 yrs,,47,
FTM Chamanculo (MZ_FTM_1226),MZ CPF - Total de utentes novas no metodo - Pilula 25 +,,,74
FTM Chamanculo (MZ_FTM_1226),MZ CPF - Total de utentes novas no metodo - Pilula < 20,20,,
FTM Chamanculo (MZ_FTM_1226),MZ CPF - Utentes que continuam o metodo - Pilula 20-24 yrs,,184,
FTM Chamanculo (MZ_FTM_1226),MZ CPF - Utentes que continuam o metodo - Pilula 25 +,,,142
FTM Chamanculo (MZ_FTM_1226),MZ CPF - Utentes que continuam o metodo - Pilula < 20,100,,
FTM Incadine (MZ_FTM_1248),MZ CPF - Injectável Utentes Seguintes 20-24 yrs,,78,
FTM Incadine (MZ_FTM_1248),MZ CPF - Injectável Utentes Seguintes 25 +,,,95
FTM Incadine (MZ_FTM_1248),MZ CPF - Injectável Utentes Seguintes < 20,51,,
FTM Incadine (MZ_FTM_1248),MZ CPF - Masculinos distribuidos 20-24 yrs,,96,
FTM Incadine (MZ_FTM_1248),MZ CPF - Masculinos distribuidos 25 +,,,92
FTM Incadine (MZ_FTM_1248),MZ CPF - Masculinos distribuidos < 20,100,,
FTM Incadine (MZ_FTM_1248),MZ CPF - Nº de DIU 10 anos inseridos 20-24 yrs,,7,
FTM Incadine (MZ_FTM_1248),MZ CPF - Nº de DIU 10 anos inseridos 25 +,,,3
FTM Incadine (MZ_FTM_1248),MZ CPF - Nº de DIU 10 anos inseridos < 20,5,,
FTM Incadine (MZ_FTM_1248),MZ CPF - Nº de ciclos distribuidos Microgynon 20-24 yrs,,98,
FTM Incadine (MZ_FTM_1248),MZ CPF - Nº de ciclos distribuidos Microgynon 25 +,,,109
FTM Incadine (MZ_FTM_1248),MZ CPF - Nº de ciclos distribuidos Microgynon < 20,83,,
FTM Incadine (MZ_FTM_1248),MZ CPF - Nº de ciclos distribuidos Microlut 20-24 yrs,,124,
FTM Incadine (MZ_FTM_1248),MZ CPF - Nº de ciclos distribuidos Microlut 25 +,,,158
FTM Incadine (MZ_FTM_1248),MZ CPF - Nº de ciclos distribuidos Microlut < 20,94,,
FTM Incadine (MZ_FTM_1248),MZ CPF - Nº de implante 5 anos inseridos 20-24 yrs,,13,
FTM Incadine (MZ_FTM_1248),MZ CPF - Nº de implante 5 anos inseridos 25 +,,,9
FTM Incadine (MZ_FTM_1248),MZ CPF - Nº de implante 5 anos inseridos < 20,12,,
FTM Incadine (MZ_FTM_1248),MZ CPF - Nº de injectavel 3 mes 20-24 yrs,,111,
FTM Incadine (MZ_FTM_1248),MZ CPF - Nº de injectavel 3 mes 25 +,,,148
FTM Incadine (MZ_FTM_1248),MZ CPF - Nº de injectavel 3 mes < 20,91,,
FTM Incadine (MZ_FTM_1248),MZ CPF - Total de utentes novas no metodo - DIU 20-24 yrs,,7,
FTM Incadine (MZ_FTM_1248),MZ CPF - Total de utentes novas no metodo - DIU 25 +,,,3
FTM Incadine (MZ_FTM_1248),MZ CPF - Total de utentes novas no metodo - DIU < 20,5,,
FTM Incadine (MZ_FTM_1248),MZ CPF - Total de utentes novas no metodo - Implante 20-24 yrs,,13,
FTM Incadine (MZ_FTM_1248),MZ CPF - Total de utentes novas no metodo - Implante 25 +,,,9
FTM Incadine (MZ_FTM_1248),MZ CPF - Total de utentes novas no metodo - Implante < 20,12,,
FTM Incadine (MZ_FTM_1248),MZ CPF - Total de utentes novas no metodo - Injectavel 20-24 yrs,,33,
FTM Incadine (MZ_FTM_1248),MZ CPF - Total de utentes novas no metodo - Injectavel 25 +,,,53
FTM Incadine (MZ_FTM_1248),MZ CPF - Total de utentes novas no metodo - Injectavel < 20,40,,
FTM Incadine (MZ_FTM_1248),MZ CPF - Total de utentes novas no metodo - Pilula 20-24 yrs,,34,
FTM Incadine (MZ_FTM_1248),MZ CPF - Total de utentes novas no metodo - Pilula 25 +,,,28
FTM Incadine (MZ_FTM_1248),MZ CPF - Total de utentes novas no metodo - Pilula < 20,31,,
FTM Incadine (MZ_FTM_1248),MZ CPF - Utentes que continuam o metodo - DIU 20-24 yrs,,3,
FTM Incadine (MZ_FTM_1248),MZ CPF - Utentes que continuam o metodo - DIU 25 +,,,2
FTM Incadine (MZ_FTM_1248),MZ CPF - Utentes que continuam o metodo - DIU < 20,1,,
FTM Incadine (MZ_FTM_1248),MZ CPF - Utentes que continuam o metodo - Implante 20-24 yrs,,9,
FTM Incadine (MZ_FTM_1248),MZ CPF - Utentes que continuam o metodo - Implante 25 +,,,3
FTM Incadine (MZ_FTM_1248),MZ CPF - Utentes que continuam o metodo - Implante < 20,5,,
FTM Incadine (MZ_FTM_1248),MZ CPF - Utentes que continuam o metodo - Pilula 20-24 yrs,,65,
FTM Incadine (MZ_FTM_1248),MZ CPF - Utentes que continuam o metodo - Pilula 25 +,,,89
FTM Incadine (MZ_FTM_1248),MZ CPF - Utentes que continuam o metodo - Pilula < 20,72,,
FTM Mafambisse (FTM_1263),MZ CPF - Injectável Utentes Seguintes 20-24 yrs,,100,
FTM Mafambisse (FTM_1263),MZ CPF - Injectável Utentes Seguintes 25 +,,,104
FTM Mafambisse (FTM_1263),MZ CPF - Injectável Utentes Seguintes < 20,81,,
FTM Mafambisse (FTM_1263),MZ CPF - Nº de DIU 10 anos inseridos 20-24 yrs,,12,
FTM Mafambisse (FTM_1263),MZ CPF - Nº de DIU 10 anos inseridos 25 +,,,18
FTM Mafambisse (FTM_1263),MZ CPF - Nº de DIU 10 anos inseridos < 20,7,,
FTM Mafambisse (FTM_1263),MZ CPF - Nº de ciclos distribuidos Microgynon 20-24 yrs,,157,
FTM Mafambisse (FTM_1263),MZ CPF - Nº de ciclos distribuidos Microgynon 25 +,,,184
FTM Mafambisse (FTM_1263),MZ CPF - Nº de ciclos distribuidos Microgynon < 20,141,,
FTM Mafambisse (FTM_1263),MZ CPF - Nº de ciclos distribuidos Microlut 20-24 yrs,,151,
FTM Mafambisse (FTM_1263),MZ CPF - Nº de ciclos distribuidos Microlut 25 +,,,149
FTM Mafambisse (FTM_1263),MZ CPF - Nº de ciclos distribuidos Microlut < 20,121,,
FTM Mafambisse (FTM_1263),MZ CPF - Nº de implante 5 anos inseridos 20-24 yrs,,31,
FTM Mafambisse (FTM_1263),MZ CPF - Nº de implante 5 anos inseridos 25 +,,,54
FTM Mafambisse (FTM_1263),MZ CPF - Nº de implante 5 anos inseridos < 20,30,,
FTM Mafambisse (FTM_1263),MZ CPF - Nº de injectavel 3 mes 20-24 yrs,,231,
FTM Mafambisse (FTM_1263),MZ CPF - Nº de injectavel 3 mes 25 +,,,346
FTM Mafambisse (FTM_1263),MZ CPF - Nº de injectavel 3 mes < 20,220,,
FTM Mafambisse (FTM_1263),MZ CPF - Total de utentes novas no metodo - DIU 20-24 yrs,,12,
FTM Mafambisse (FTM_1263),MZ CPF - Total de utentes novas no metodo - DIU 25 +,,,18
FTM Mafambisse (FTM_1263),MZ CPF - Total de utentes novas no metodo - DIU < 20,7,,
FTM Mafambisse (FTM_1263),MZ CPF - Total de utentes novas no metodo - Implante 20-24 yrs,,31,
FTM Mafambisse (FTM_1263),MZ CPF - Total de utentes novas no metodo - Implante 25 +,,,54
FTM Mafambisse (FTM_1263),MZ CPF - Total de utentes novas no metodo - Implante < 20,30,,
FTM Mafambisse (FTM_1263),MZ CPF - Total de utentes novas no metodo - Injectavel 20-24 yrs,,131,
FTM Mafambisse (FTM_1263),MZ CPF - Total de utentes novas no metodo - Injectavel 25 +,,,242
FTM Mafambisse (FTM_1263),MZ CPF - Total de utentes novas no metodo - Injectavel < 20,139,,
FTM Mafambisse (FTM_1263),MZ CPF - Total de utentes novas no metodo - Pilula 20-24 yrs,,221,
FTM Mafambisse (FTM_1263),MZ CPF - Total de utentes novas no metodo - Pilula 25 +,,,229
FTM Mafambisse (FTM_1263),MZ CPF - Total de utentes novas no metodo - Pilula < 20,128,,
FTM Mafambisse (FTM_1263),MZ CPF - Utentes que continuam o metodo - Pilula 20-24 yrs,,107,
FTM Mafambisse (FTM_1263),MZ CPF - Utentes que continuam o metodo - Pilula 25 +,,,113
FTM Mafambisse (FTM_1263),MZ CPF - Utentes que continuam o metodo - Pilula < 20,105,,
FTM Malehice (MZ_FTM_1225),MZ CPF - Injectável Utentes Seguintes 20-24 yrs,,73,
FTM Malehice (MZ_FTM_1225),MZ CPF - Injectável Utentes Seguintes 25 +,,,153
FTM Malehice (MZ_FTM_1225),MZ CPF - Injectável Utentes Seguintes < 20,35,,
FTM Malehice (MZ_FTM_1225),MZ CPF - Masculinos distribuidos 20-24 yrs,,2940,
FTM Malehice (MZ_FTM_1225),MZ CPF - Masculinos distribuidos 25 +,,,4670
FTM Malehice (MZ_FTM_1225),MZ CPF - Masculinos distribuidos < 20,1550,,
FTM Malehice (MZ_FTM_1225),MZ CPF - Nº de DIU 10 anos inseridos 20-24 yrs,,8,
FTM Malehice (MZ_FTM_1225),MZ CPF - Nº de DIU 10 anos inseridos 25 +,,,10
FTM Malehice (MZ_FTM_1225),MZ CPF - Nº de ciclos distribuidos Microgynon 20-24 yrs,,126,
FTM Malehice (MZ_FTM_1225),MZ CPF - Nº de ciclos distribuidos Microgynon 25 +,,,239
FTM Malehice (MZ_FTM_1225),MZ CPF - Nº de ciclos distribuidos Microgynon < 20,33,,
FTM Malehice (MZ_FTM_1225),MZ CPF - Nº de ciclos distribuidos Microlut 20-24 yrs,,171,
FTM Malehice (MZ_FTM_1225),MZ CPF - Nº de ciclos distribuidos Microlut 25 +,,,282
FTM Malehice (MZ_FTM_1225),MZ CPF - Nº de ciclos distribuidos Microlut < 20,66,,
FTM Malehice (MZ_FTM_1225),MZ CPF - Nº de implante 5 anos inseridos 20-24 yrs,,19,
FTM Malehice (MZ_FTM_1225),MZ CPF - Nº de implante 5 anos inseridos 25 +,,,23
FTM Malehice (MZ_FTM_1225),MZ CPF - Nº de implante 5 anos inseridos < 20,22,,
FTM Malehice (MZ_FTM_1225),MZ CPF - Nº de injectavel 3 mes 20-24 yrs,,205,
FTM Malehice (MZ_FTM_1225),MZ CPF - Nº de injectavel 3 mes 25 +,,,381
FTM Malehice (MZ_FTM_1225),MZ CPF - Nº de injectavel 3 mes < 20,108,,
FTM Malehice (MZ_FTM_1225),MZ CPF - Total de utentes novas no metodo - DIU 20-24 yrs,,8,
FTM Malehice (MZ_FTM_1225),MZ CPF - Total de utentes novas no metodo - DIU 25 +,,,10
FTM Malehice (MZ_FTM_1225),MZ CPF - Total de utentes novas no metodo - Implante 20-24 yrs,,19,
FTM Malehice (MZ_FTM_1225),MZ CPF - Total de utentes novas no metodo - Implante 25 +,,,23
FTM Malehice (MZ_FTM_1225),MZ CPF - Total de utentes novas no metodo - Implante < 20,22,,
FTM Malehice (MZ_FTM_1225),MZ CPF - Total de utentes novas no metodo - Injectavel 20-24 yrs,,132,
FTM Malehice (MZ_FTM_1225),MZ CPF - Total de utentes novas no metodo - Injectavel 25 +,,,228
FTM Malehice (MZ_FTM_1225),MZ CPF - Total de utentes novas no metodo - Injectavel < 20,73,,
FTM Malehice (MZ_FTM_1225),MZ CPF - Total de utentes novas no metodo - Pilula 20-24 yrs,,135,
FTM Malehice (MZ_FTM_1225),MZ CPF - Total de utentes novas no metodo - Pilula 25 +,,,206
FTM Malehice (MZ_FTM_1225),MZ CPF - Total de utentes novas no metodo - Pilula < 20,59,,
FTM Malehice (MZ_FTM_1225),MZ CPF - Utentes que continuam o metodo - Pilula 20-24 yrs,,62,
FTM Malehice (MZ_FTM_1225),MZ CPF - Utentes que continuam o metodo - Pilula 25 +,,,116
FTM Malehice (MZ_FTM_1225),MZ CPF - Utentes que continuam o metodo - Pilula < 20,18,,
FTM Manhala (MZ_FTM_1255),MZ CPF - Injectável Utentes Seguintes 20-24 yrs,,32,
FTM Manhala (MZ_FTM_1255),MZ CPF - Injectável Utentes Seguintes 25 +,,,45
FTM Manhala (MZ_FTM_1255),MZ CPF - Injectável Utentes Seguintes < 20,36,,
FTM Manhala (MZ_FTM_1255),MZ CPF - Masculinos distribuidos 20-24 yrs,,135,
FTM Manhala (MZ_FTM_1255),MZ CPF - Masculinos distribuidos 25 +,,,165
FTM Manhala (MZ_FTM_1255),MZ CPF - Masculinos distribuidos < 20,112,,
FTM Manhala (MZ_FTM_1255),MZ CPF - Nº de ciclos distribuidos Microgynon 20-24 yrs,,58,
FTM Manhala (MZ_FTM_1255),MZ CPF - Nº de ciclos distribuidos Microgynon 25 +,,,62
FTM Manhala (MZ_FTM_1255),MZ CPF - Nº de ciclos distribuidos Microgynon < 20,64,,
FTM Manhala (MZ_FTM_1255),MZ CPF - Nº de ciclos distribuidos Microlut 20-24 yrs,,56,
FTM Manhala (MZ_FTM_1255),MZ CPF - Nº de ciclos distribuidos Microlut 25 +,,,22
FTM Manhala (MZ_FTM_1255),MZ CPF - Nº de ciclos distribuidos Microlut < 20,47,,
FTM Manhala (MZ_FTM_1255),MZ CPF - Nº de implante 5 anos inseridos 20-24 yrs,,9,
FTM Manhala (MZ_FTM_1255),MZ CPF - Nº de implante 5 anos inseridos 25 +,,,7
FTM Manhala (MZ_FTM_1255),MZ CPF - Nº de implante 5 anos inseridos < 20,10,,
FTM Manhala (MZ_FTM_1255),MZ CPF - Nº de injectavel 3 mes 20-24 yrs,,70,
FTM Manhala (MZ_FTM_1255),MZ CPF - Nº de injectavel 3 mes 25 +,,,90
FTM Manhala (MZ_FTM_1255),MZ CPF - Nº de injectavel 3 mes < 20,65,,
FTM Manhala (MZ_FTM_1255),MZ CPF - Total de utentes novas no metodo - Implante 20-24 yrs,,9,
FTM Manhala (MZ_FTM_1255),MZ CPF - Total de utentes novas no metodo - Implante 25 +,,,7
FTM Manhala (MZ_FTM_1255),MZ CPF - Total de utentes novas no metodo - Implante < 20,10,,
FTM Manhala (MZ_FTM_1255),MZ CPF - Total de utentes novas no metodo - Injectavel 20-24 yrs,,38,
FTM Manhala (MZ_FTM_1255),MZ CPF - Total de utentes novas no metodo - Injectavel 25 +,,,45
FTM Manhala (MZ_FTM_1255),MZ CPF - Total de utentes novas no metodo - Injectavel < 20,29,,
FTM Manhala (MZ_FTM_1255),MZ CPF - Total de utentes novas no metodo - Pilula 20-24 yrs,,62,
FTM Manhala (MZ_FTM_1255),MZ CPF - Total de utentes novas no metodo - Pilula 25 +,,,54
FTM Manhala (MZ_FTM_1255),MZ CPF - Total de utentes novas no metodo - Pilula < 20,86,,
FTM Manhala (MZ_FTM_1255),MZ CPF - Utentes que continuam o metodo - Implante 20-24 yrs,,9,
FTM Manhala (MZ_FTM_1255),MZ CPF - Utentes que continuam o metodo - Implante 25 +,,,7
FTM Manhala (MZ_FTM_1255),MZ CPF - Utentes que continuam o metodo - Implante < 20,10,,
FTM Manhala (MZ_FTM_1255),MZ CPF - Utentes que continuam o metodo - Pilula 20-24 yrs,,21,
FTM Manhala (MZ_FTM_1255),MZ CPF - Utentes que continuam o metodo - Pilula 25 +,,,28
FTM Manhala (MZ_FTM_1255),MZ CPF - Utentes que continuam o metodo - Pilula < 20,17,,
FTM Movel Escola Beira 1 (MZ_FTM_1240),MZ CPF - Injectável Utentes Seguintes 20-24 yrs,,178,
FTM Movel Escola Beira 1 (MZ_FTM_1240),MZ CPF - Injectável Utentes Seguintes 25 +,,,311
FTM Movel Escola Beira 1 (MZ_FTM_1240),MZ CPF - Injectável Utentes Seguintes < 20,131,,
FTM Movel Escola Beira 1 (MZ_FTM_1240),MZ CPF - Nº de ciclos distribuidos Microgynon 20-24 yrs,,97,
FTM Movel Escola Beira 1 (MZ_FTM_1240),MZ CPF - Nº de ciclos distribuidos Microgynon 25 +,,,228
FTM Movel Escola Beira 1 (MZ_FTM_1240),MZ CPF - Nº de ciclos distribuidos Microgynon < 20,120,,
FTM Movel Escola Beira 1 (MZ_FTM_1240),MZ CPF - Nº de ciclos distribuidos Microlut 20-24 yrs,,6,
FTM Movel Escola Beira 1 (MZ_FTM_1240),MZ CPF - Nº de ciclos distribuidos Microlut 25 +,,,195
FTM Movel Escola Beira 1 (MZ_FTM_1240),MZ CPF - Nº de ciclos distribuidos Microlut < 20,20,,
FTM Movel Escola Beira 1 (MZ_FTM_1240),MZ CPF - Nº de implante 5 anos inseridos 20-24 yrs,,8,
FTM Movel Escola Beira 1 (MZ_FTM_1240),MZ CPF - Nº de implante 5 anos inseridos 25 +,,,32
FTM Movel Escola Beira 1 (MZ_FTM_1240),MZ CPF - Nº de implante 5 anos inseridos < 20,24,,
FTM Movel Escola Beira 1 (MZ_FTM_1240),MZ CPF - Nº de injectavel 3 mes 20-24 yrs,,187,
FTM Movel Escola Beira 1 (MZ_FTM_1240),MZ CPF - Nº de injectavel 3 mes 25 +,,,325
FTM Movel Escola Beira 1 (MZ_FTM_1240),MZ CPF - Nº de injectavel 3 mes < 20,143,,
FTM Movel Escola Beira 1 (MZ_FTM_1240),MZ CPF - Total de utentes novas no metodo - Implante 20-24 yrs,,8,
FTM Movel Escola Beira 1 (MZ_FTM_1240),MZ CPF - Total de utentes novas no metodo - Implante 25 +,,,32
FTM Movel Escola Beira 1 (MZ_FTM_1240),MZ CPF - Total de utentes novas no metodo - Implante < 20,24,,
FTM Movel Escola Beira 1 (MZ_FTM_1240),MZ CPF - Total de utentes novas no metodo - Injectavel 20-24 yrs,,9,
FTM Movel Escola Beira 1 (MZ_FTM_1240),MZ CPF - Total de utentes novas no metodo - Injectavel 25 +,,,14
FTM Movel Escola Beira 1 (MZ_FTM_1240),MZ CPF - Total de utentes novas no metodo - Injectavel < 20,12,,
FTM Movel Escola Beira 1 (MZ_FTM_1240),MZ CPF - Total de utentes novas no metodo - Pilula 20-24 yrs,,11,
FTM Movel Escola Beira 1 (MZ_FTM_1240),MZ CPF - Total de utentes novas no metodo - Pilula 25 +,,,6
FTM Movel Escola Beira 1 (MZ_FTM_1240),MZ CPF - Total de utentes novas no metodo - Pilula < 20,27,,
FTM Movel Escola Beira 1 (MZ_FTM_1240),MZ CPF - Utentes que continuam o metodo - Pilula 20-24 yrs,,92,
FTM Movel Escola Beira 1 (MZ_FTM_1240),MZ CPF - Utentes que continuam o metodo - Pilula 25 +,,,417
FTM Movel Escola Beira 1 (MZ_FTM_1240),MZ CPF - Utentes que continuam o metodo - Pilula < 20,113,,
FTM Murrupula (MZ_FTM_1228),MZ CPF - Injectável Utentes Seguintes 20-24 yrs,,519,
FTM Murrupula (MZ_FTM_1228),MZ CPF - Injectável Utentes Seguintes 25 +,,,608
FTM Murrupula (MZ_FTM_1228),MZ CPF - Injectável Utentes Seguintes < 20,312,,
FTM Murrupula (MZ_FTM_1228),MZ CPF - Nº de DIU 10 anos inseridos 20-24 yrs,,9,
FTM Murrupula (MZ_FTM_1228),MZ CPF - Nº de DIU 10 anos inseridos 25 +,,,15
FTM Murrupula (MZ_FTM_1228),MZ CPF - Nº de DIU 10 anos inseridos < 20,16,,
FTM Murrupula (MZ_FTM_1228),MZ CPF - Nº de ciclos distribuidos Microgynon 20-24 yrs,,221,
FTM Murrupula (MZ_FTM_1228),MZ CPF - Nº de ciclos distribuidos Microgynon 25 +,,,188
FTM Murrupula (MZ_FTM_1228),MZ CPF - Nº de ciclos distribuidos Microgynon < 20,237,,
FTM Murrupula (MZ_FTM_1228),MZ CPF - Nº de ciclos distribuidos Microlut 20-24 yrs,,46,
FTM Murrupula (MZ_FTM_1228),MZ CPF - Nº de ciclos distribuidos Microlut 25 +,,,33
FTM Murrupula (MZ_FTM_1228),MZ CPF - Nº de ciclos distribuidos Microlut < 20,74,,
FTM Murrupula (MZ_FTM_1228),MZ CPF - Nº de implante 5 anos inseridos 20-24 yrs,,21,
FTM Murrupula (MZ_FTM_1228),MZ CPF - Nº de implante 5 anos inseridos 25 +,,,46
FTM Murrupula (MZ_FTM_1228),MZ CPF - Nº de implante 5 anos inseridos < 20,29,,
FTM Murrupula (MZ_FTM_1228),MZ CPF - Nº de injectavel 3 mes 20-24 yrs,,588,
FTM Murrupula (MZ_FTM_1228),MZ CPF - Nº de injectavel 3 mes 25 +,,,711
FTM Murrupula (MZ_FTM_1228),MZ CPF - Nº de injectavel 3 mes < 20,354,,
FTM Murrupula (MZ_FTM_1228),MZ CPF - Total de utentes novas no metodo - DIU 20-24 yrs,,9,
FTM Murrupula (MZ_FTM_1228),MZ CPF - Total de utentes novas no metodo - DIU 25 +,,,15
FTM Murrupula (MZ_FTM_1228),MZ CPF - Total de utentes novas no metodo - DIU < 20,16,,
FTM Murrupula (MZ_FTM_1228),MZ CPF - Total de utentes novas no metodo - Implante 20-24 yrs,,21,
FTM Murrupula (MZ_FTM_1228),MZ CPF - Total de utentes novas no metodo - Implante 25 +,,,46
FTM Murrupula (MZ_FTM_1228),MZ CPF - Total de utentes novas no metodo - Implante < 20,29,,
FTM Murrupula (MZ_FTM_1228),MZ CPF - Total de utentes novas no metodo - Injectavel 20-24 yrs,,69,
FTM Murrupula (MZ_FTM_1228),MZ CPF - Total de utentes novas no metodo - Injectavel 25 +,,,103
FTM Murrupula (MZ_FTM_1228),MZ CPF - Total de utentes novas no metodo - Injectavel < 20,42,,
FTM Murrupula (MZ_FTM_1228),MZ CPF - Total de utentes novas no metodo - Pilula 20-24 yrs,,18,
FTM Murrupula (MZ_FTM_1228),MZ CPF - Total de utentes novas no metodo - Pilula 25 +,,,11
FTM Murrupula (MZ_FTM_1228),MZ CPF - Total de utentes novas no metodo - Pilula < 20,28,,
FTM Murrupula (MZ_FTM_1228),MZ CPF - Utentes que continuam o metodo - Pilula 20-24 yrs,,83,
FTM Murrupula (MZ_FTM_1228),MZ CPF - Utentes que continuam o metodo - Pilula 25 +,,,64
FTM Murrupula (MZ_FTM_1228),MZ CPF - Utentes que continuam o metodo - Pilula < 20,119,,
FTM Nacala CS Urbano (MZ_FTM_1257),MZ CPF - Injectável Utentes Seguintes 20-24 yrs,,213,
FTM Nacala CS Urbano (MZ_FTM_1257),MZ CPF - Injectável Utentes Seguintes 25 +,,,159
FTM Nacala CS Urbano (MZ_FTM_1257),MZ CPF - Injectável Utentes Seguintes < 20,187,,
FTM Nacala CS Urbano (MZ_FTM_1257),MZ CPF - Masculinos distribuidos 20-24 yrs,,712,
FTM Nacala CS Urbano (MZ_FTM_1257),MZ CPF - Masculinos distribuidos 25 +,,,318
FTM Nacala CS Urbano (MZ_FTM_1257),MZ CPF - Masculinos distribuidos < 20,266,,
FTM Nacala CS Urbano (MZ_FTM_1257),MZ CPF - Nº de DIU 10 anos inseridos 20-24 yrs,,44,
FTM Nacala CS Urbano (MZ_FTM_1257),MZ CPF - Nº de DIU 10 anos inseridos 25 +,,,18
FTM Nacala CS Urbano (MZ_FTM_1257),MZ CPF - Nº de DIU 10 anos inseridos < 20,20,,
FTM Nacala CS Urbano (MZ_FTM_1257),MZ CPF - Nº de ciclos distribuidos Microgynon 20-24 yrs,,215,
FTM Nacala CS Urbano (MZ_FTM_1257),MZ CPF - Nº de ciclos distribuidos Microgynon 25 +,,,210
FTM Nacala CS Urbano (MZ_FTM_1257),MZ CPF - Nº de ciclos distribuidos Microgynon < 20,120,,
FTM Nacala CS Urbano (MZ_FTM_1257),MZ CPF - Nº de ciclos distribuidos Microlut 20-24 yrs,,84,
FTM Nacala CS Urbano (MZ_FTM_1257),MZ CPF - Nº de ciclos distribuidos Microlut 25 +,,,116
FTM Nacala CS Urbano (MZ_FTM_1257),MZ CPF - Nº de ciclos distribuidos Microlut < 20,76,,
FTM Nacala CS Urbano (MZ_FTM_1257),MZ CPF - Nº de implante 5 anos inseridos 20-24 yrs,,38,
FTM Nacala CS Urbano (MZ_FTM_1257),MZ CPF - Nº de implante 5 anos inseridos 25 +,,,16
FTM Nacala CS Urbano (MZ_FTM_1257),MZ CPF - Nº de implante 5 anos inseridos < 20,18,,
FTM Nacala CS Urbano (MZ_FTM_1257),MZ CPF - Nº de injectavel 3 mes 20-24 yrs,,271,
FTM Nacala CS Urbano (MZ_FTM_1257),MZ CPF - Nº de injectavel 3 mes 25 +,,,214
FTM Nacala CS Urbano (MZ_FTM_1257),MZ CPF - Nº de injectavel 3 mes < 20,231,,
FTM Nacala CS Urbano (MZ_FTM_1257),MZ CPF - Total de utentes novas no metodo - DIU 20-24 yrs,,44,
FTM Nacala CS Urbano (MZ_FTM_1257),MZ CPF - Total de utentes novas no metodo - DIU 25 +,,,18
FTM Nacala CS Urbano (MZ_FTM_1257),MZ CPF - Total de utentes novas no metodo - DIU < 20,20,,
FTM Nacala CS Urbano (MZ_FTM_1257),MZ CPF - Total de utentes novas no metodo - Implante 20-24 yrs,,38,
FTM Nacala CS Urbano (MZ_FTM_1257),MZ CPF - Total de utentes novas no metodo - Implante 25 +,,,16
FTM Nacala CS Urbano (MZ_FTM_1257),MZ CPF - Total de utentes novas no metodo - Implante < 20,18,,
FTM Nacala CS Urbano (MZ_FTM_1257),MZ CPF - Total de utentes novas no metodo - Injectavel 20-24 yrs,,58,
FTM Nacala CS Urbano (MZ_FTM_1257),MZ CPF - Total de utentes novas no metodo - Injectavel 25 +,,,55
FTM Nacala CS Urbano (MZ_FTM_1257),MZ CPF - Total de utentes novas no metodo - Injectavel < 20,44,,
FTM Nacala CS Urbano (MZ_FTM_1257),MZ CPF - Total de utentes novas no metodo - Pilula 20-24 yrs,,17,
FTM Nacala CS Urbano (MZ_FTM_1257),MZ CPF - Total de utentes novas no metodo - Pilula 25 +,,,18
FTM Nacala CS Urbano (MZ_FTM_1257),MZ CPF - Total de utentes novas no metodo - Pilula < 20,10,,
FTM Nacala CS Urbano (MZ_FTM_1257),MZ CPF - Utentes que continuam o metodo - Pilula 20-24 yrs,,79,
FTM Nacala CS Urbano (MZ_FTM_1257),MZ CPF - Utentes que continuam o metodo - Pilula 25 +,,,29
FTM Nacala CS Urbano (MZ_FTM_1257),MZ CPF - Utentes que continuam o metodo - Pilula < 20,32,,
FTM Quelimane (MZ_FTM_1234),MZ CPF - Injectável Utentes Seguintes 20-24 yrs,,201,
FTM Quelimane (MZ_FTM_1234),MZ CPF - Injectável Utentes Seguintes 25 +,,,210
FTM Quelimane (MZ_FTM_1234),MZ CPF - Injectável Utentes Seguintes < 20,100,,
FTM Quelimane (MZ_FTM_1234),MZ CPF - Nº de DIU 10 anos inseridos 20-24 yrs,,3,
FTM Quelimane (MZ_FTM_1234),MZ CPF - Nº de ciclos distribuidos Microgynon 20-24 yrs,,13,
FTM Quelimane (MZ_FTM_1234),MZ CPF - Nº de ciclos distribuidos Microgynon 25 +,,,394
FTM Quelimane (MZ_FTM_1234),MZ CPF - Nº de ciclos distribuidos Microgynon < 20,10,,
FTM Quelimane (MZ_FTM_1234),MZ CPF - Nº de ciclos distribuidos Microlut 20-24 yrs,,27,
FTM Quelimane (MZ_FTM_1234),MZ CPF - Nº de ciclos distribuidos Microlut 25 +,,,353
FTM Quelimane (MZ_FTM_1234),MZ CPF - Nº de ciclos distribuidos Microlut < 20,36,,
FTM Quelimane (MZ_FTM_1234),MZ CPF - Nº de implante 5 anos inseridos 20-24 yrs,,9,
FTM Quelimane (MZ_FTM_1234),MZ CPF - Nº de implante 5 anos inseridos 25 +,,,25
FTM Quelimane (MZ_FTM_1234),MZ CPF - Nº de implante 5 anos inseridos < 20,4,,
FTM Quelimane (MZ_FTM_1234),MZ CPF - Nº de injectavel 3 mes 20-24 yrs,,211,
FTM Quelimane (MZ_FTM_1234),MZ CPF - Nº de injectavel 3 mes 25 +,,,230
FTM Quelimane (MZ_FTM_1234),MZ CPF - Nº de injectavel 3 mes < 20,103,,
FTM Quelimane (MZ_FTM_1234),MZ CPF - Total de utentes novas no metodo - DIU 20-24 yrs,,3,
FTM Quelimane (MZ_FTM_1234),MZ CPF - Total de utentes novas no metodo - Implante 20-24 yrs,,9,
FTM Quelimane (MZ_FTM_1234),MZ CPF - Total de utentes novas no metodo - Implante 25 +,,,25
FTM Quelimane (MZ_FTM_1234),MZ CPF - Total de utentes novas no metodo - Implante < 20,4,,
FTM Quelimane (MZ_FTM_1234),MZ CPF - Total de utentes novas no metodo - Injectavel 20-24 yrs,,10,
FTM Quelimane (MZ_FTM_1234),MZ CPF - Total de utentes novas no metodo - Injectavel 25 +,,,20
FTM Quelimane (MZ_FTM_1234),MZ CPF - Total de utentes novas no metodo - Injectavel < 20,3,,
FTM Quelimane (MZ_FTM_1234),MZ CPF - Total de utentes novas no metodo - Pilula 20-24 yrs,,12,
FTM Quelimane (MZ_FTM_1234),MZ CPF - Total de utentes novas no metodo - Pilula 25 +,,,20
FTM Quelimane (MZ_FTM_1234),MZ CPF - Total de utentes novas no metodo - Pilula < 20,24,,
FTM Quelimane (MZ_FTM_1234),MZ CPF - Utentes que continuam o metodo - Pilula 20-24 yrs,,5,
FTM Quelimane (MZ_FTM_1234),MZ CPF - Utentes que continuam o metodo - Pilula 25 +,,,300
FTM Quelimane (MZ_FTM_1234),MZ CPF - Utentes que continuam o metodo - Pilula < 20,4,,
FTM Zandamela (MZ_FTM_1273),MZ CPF - Injectável Utentes Seguintes 20-24 yrs,,80,
FTM Zandamela (MZ_FTM_1273),MZ CPF - Injectável Utentes Seguintes 25 +,,,142
FTM Zandamela (MZ_FTM_1273),MZ CPF - Injectável Utentes Seguintes < 20,68,,
FTM Zandamela (MZ_FTM_1273),MZ CPF - Masculinos distribuidos 20-24 yrs,,129,
FTM Zandamela (MZ_FTM_1273),MZ CPF - Masculinos distribuidos 25 +,,,128
FTM Zandamela (MZ_FTM_1273),MZ CPF - Masculinos distribuidos < 20,128,,
FTM Zandamela (MZ_FTM_1273),MZ CPF - Nº de DIU 10 anos inseridos 25 +,,,7
FTM Zandamela (MZ_FTM_1273),MZ CPF - Nº de ciclos distribuidos (outra Marca) < 20,1,,
FTM Zandamela (MZ_FTM_1273),MZ CPF - Nº de ciclos distribuidos Microgynon 20-24 yrs,,98,
FTM Zandamela (MZ_FTM_1273),MZ CPF - Nº de ciclos distribuidos Microgynon 25 +,,,220
FTM Zandamela (MZ_FTM_1273),MZ CPF - Nº de ciclos distribuidos Microgynon < 20,98,,
FTM Zandamela (MZ_FTM_1273),MZ CPF - Nº de ciclos distribuidos Microlut 20-24 yrs,,84,
FTM Zandamela (MZ_FTM_1273),MZ CPF - Nº de ciclos distribuidos Microlut 25 +,,,420
FTM Zandamela (MZ_FTM_1273),MZ CPF - Nº de ciclos distribuidos Microlut < 20,26,,
FTM Zandamela (MZ_FTM_1273),MZ CPF - Nº de implante 5 anos inseridos 20-24 yrs,,19,
FTM Zandamela (MZ_FTM_1273),MZ CPF - Nº de implante 5 anos inseridos 25 +,,,3
FTM Zandamela (MZ_FTM_1273),MZ CPF - Nº de implante 5 anos inseridos < 20,5,,
FTM Zandamela (MZ_FTM_1273),MZ CPF - Nº de injectavel 3 mes 20-24 yrs,,140,
FTM Zandamela (MZ_FTM_1273),MZ CPF - Nº de injectavel 3 mes 25 +,,,209
FTM Zandamela (MZ_FTM_1273),MZ CPF - Nº de injectavel 3 mes < 20,99,,
FTM Zandamela (MZ_FTM_1273),MZ CPF - Total de utentes novas no metodo - DIU 20-24 yrs,,2,
FTM Zandamela (MZ_FTM_1273),MZ CPF - Total de utentes novas no metodo - DIU 25 +,,,5
FTM Zandamela (MZ_FTM_1273),MZ CPF - Total de utentes novas no metodo - Implante 20-24 yrs,,19,
FTM Zandamela (MZ_FTM_1273),MZ CPF - Total de utentes novas no metodo - Implante 25 +,,,3
FTM Zandamela (MZ_FTM_1273),MZ CPF - Total de utentes novas no metodo - Implante < 20,5,,
FTM Zandamela (MZ_FTM_1273),MZ CPF - Total de utentes novas no metodo - Injectavel 20-24 yrs,,60,
FTM Zandamela (MZ_FTM_1273),MZ CPF - Total de utentes novas no metodo - Injectavel 25 +,,,67
FTM Zandamela (MZ_FTM_1273),MZ CPF - Total de utentes novas no metodo - Injectavel < 20,31,,
FTM Zandamela (MZ_FTM_1273),MZ CPF - Total de utentes novas no metodo - Pilula 20-24 yrs,,48,
FTM Zandamela (MZ_FTM_1273),MZ CPF - Total de utentes novas no metodo - Pilula 25 +,,,76
FTM Zandamela (MZ_FTM_1273),MZ CPF - Total de utentes novas no metodo - Pilula < 20,49,,
FTM Zandamela (MZ_FTM_1273),MZ CPF - Utentes que continuam o metodo - DIU 20-24 yrs,,1,
FTM Zandamela (MZ_FTM_1273),MZ CPF - Utentes que continuam o metodo - DIU 25 +,,,5
FTM Zandamela (MZ_FTM_1273),MZ CPF - Utentes que continuam o metodo - Implante 20-24 yrs,,10,
FTM Zandamela (MZ_FTM_1273),MZ CPF - Utentes que continuam o metodo - Implante 25 +,,,5
FTM Zandamela (MZ_FTM_1273),MZ CPF - Utentes que continuam o metodo - Implante < 20,6,,
FTM Zandamela (MZ_FTM_1273),MZ CPF - Utentes que continuam o metodo - Pilula 20-24 yrs,,86,
FTM Zandamela (MZ_FTM_1273),MZ CPF - Utentes que continuam o metodo - Pilula 25 +,,,136
FTM Zandamela (MZ_FTM_1273),MZ CPF - Utentes que continuam o metodo - Pilula < 20,36,,
